participant_id,count_time,count_topic,count_typing,z_time,z_topic,z_typing,z_time_typing_mean,lda_residual,abs_residual,n_pages_avg
102,3.0,9.0,2.0,0.4757795853884386,2.360725118894665,0.05842582743847526,0.26710270641345696,2.093622412481208,2.093622412481208,11.0
170,6.0,4.0,3.5,2.858609575019792,0.07249827620405888,1.420197036196782,2.139403305608287,-2.066905029404228,2.066905029404228,8.5
18,2.0,8.0,2.0,-0.31849707782201253,1.9030797503565438,0.05842582743847526,-0.13003562519176864,2.0331153755483125,2.0331153755483125,10.0
140,4.0,2.0,3.0,1.2700562485988898,-0.8427924608721836,0.9662732999440131,1.1181647742714516,-1.9609572351436353,1.9609572351436353,7.0
164,4.5,8.5,1.0,1.6671945802041153,2.1319024346256046,-0.8494216450670626,0.4088864675685263,1.7230159670570782,1.7230159670570782,12.5
1,4.5,5.5,5.5,1.6671945802041153,0.7589663290112407,3.2358919812078577,2.4515432807059865,-1.6925769516947458,1.6925769516947458,18.5
72,3.5,8.5,2.0,0.8729179169936642,2.1319024346256046,0.05842582743847526,0.4656718722160697,1.6662305624095348,1.6662305624095348,13.5
128,2.0,0.0,2.0,-0.31849707782201253,-1.7580831979484262,0.05842582743847526,-0.13003562519176864,-1.6280475727566575,1.6280475727566575,3.0
63,2.5,6.5,1.0,0.07864125378321306,1.216611697549362,-0.8494216450670626,-0.3853901956419248,1.6020018931912867,1.6020018931912867,11.0
151,1.0,5.0,1.0,-1.1127737410324636,0.5301436447421801,-0.8494216450670626,-0.9810976930497631,1.5112413377919434,1.5112413377919434,6.0
110,1.0,4.0,0.0,-1.1127737410324636,0.07249827620405888,-1.7572691175726005,-1.435021429302532,1.507519705506591,1.507519705506591,5.0
104,4.5,4.5,4.0,1.6671945802041153,0.3013209604731195,1.874120772449551,1.7706576763268331,-1.4693367158537136,1.4693367158537136,9.5
4,4.0,8.5,2.0,1.2700562485988898,2.1319024346256046,0.05842582743847526,0.6642410380186825,1.467661396606922,1.467661396606922,15.0
8,3.5,10.5,4.5,0.8729179169936642,3.047193171701847,2.32804450870232,1.6004812128479922,1.4467119588538548,1.4467119588538548,14.0
143,2.5,7.0,2.0,0.07864125378321306,1.4454343818184225,0.05842582743847526,0.06853354061084416,1.3769008412075783,1.3769008412075783,10.0
59,3.0,4.5,5.0,0.4757795853884386,0.3013209604731195,2.7819682449550887,1.6288739151717637,-1.3275529546986442,1.3275529546986442,15.5
166,1.5,5.5,1.5,-0.715635409427238,0.7589663290112407,-0.39549790881429364,-0.5555666591207659,1.3145329881320067,1.3145329881320067,7.0
162,1.5,5.5,1.5,-0.715635409427238,0.7589663290112407,-0.39549790881429364,-0.5555666591207659,1.3145329881320067,1.3145329881320067,7.0
169,4.5,4.5,3.5,1.6671945802041153,0.3013209604731195,1.420197036196782,1.5436958082004486,-1.242374847727329,1.242374847727329,10.0
15,3.0,7.0,2.0,0.4757795853884386,1.4454343818184225,0.05842582743847526,0.26710270641345696,1.1783316754049655,1.1783316754049655,10.5
108,2.0,0.0,1.0,-0.31849707782201253,-1.7580831979484262,-0.8494216450670626,-0.5839593614445375,-1.1741238365038886,1.1741238365038886,4.0
75,2.5,0.5,1.0,0.07864125378321306,-1.5292605136793656,-0.8494216450670626,-0.3853901956419248,-1.1438703180374408,1.1438703180374408,4.5
107,2.0,5.0,1.0,-0.31849707782201253,0.5301436447421801,-0.8494216450670626,-0.5839593614445375,1.1141030061867176,1.1141030061867176,6.0
82,3.0,1.0,1.0,0.4757795853884386,-1.300437829410305,-0.8494216450670626,-0.186821029839312,-1.113616799570993,1.113616799570993,10.0
146,1.5,4.5,1.0,-0.715635409427238,0.3013209604731195,-0.8494216450670626,-0.7825285272471503,1.0838494877202698,1.0838494877202698,12.5
120,1.0,5.0,2.0,-1.1127737410324636,0.5301436447421801,0.05842582743847526,-0.5271739567969942,1.0573176015391743,1.0573176015391743,8.0
135,4.0,5.0,4.0,1.2700562485988898,0.5301436447421801,1.874120772449551,1.5720885105242204,-1.0419448657820403,1.0419448657820403,8.0
53,5.0,5.0,3.0,2.0643329118093408,0.5301436447421801,0.9662732999440131,1.515303105876677,-0.9851594611344969,0.9851594611344969,7.5
160,5.0,6.0,4.0,2.0643329118093408,0.9877890132803013,1.874120772449551,1.9692268421294459,-0.9814378288491445,0.9814378288491445,10.0
50,4.0,3.5,2.0,1.2700562485988898,-0.15632440806500175,0.05842582743847526,0.6642410380186825,-0.8205654460836842,0.8205654460836842,5.5
40,0.5,0.0,1.5,-1.5099120726376891,-1.7580831979484262,-0.39549790881429364,-0.9527049907259914,-0.8053782072224348,0.8053782072224348,5.5
95,0.5,3.5,1.5,-1.5099120726376891,-0.15632440806500175,-0.39549790881429364,-0.9527049907259914,0.7963805826609895,0.7963805826609895,5.0
56,4.0,8.0,3.0,1.2700562485988898,1.9030797503565438,0.9662732999440131,1.1181647742714516,0.7849149760850922,0.7849149760850922,9.5
109,0.0,2.0,0.5,-1.9070504042429148,-0.8427924608721836,-1.3033453813198315,-1.6051978927813733,0.7624054319091896,0.7624054319091896,3.5
144,2.0,1.0,1.0,-0.31849707782201253,-1.300437829410305,-0.8494216450670626,-0.5839593614445375,-0.7164784679657674,0.7164784679657674,4.0
139,2.0,2.0,2.0,-0.31849707782201253,-0.8427924608721836,0.05842582743847526,-0.13003562519176864,-0.712756835680415,0.712756835680415,5.0
43,2.0,3.0,3.0,-0.31849707782201253,-0.38514709233406236,0.9662732999440131,0.3238881110610003,-0.7090352033950627,0.7090352033950627,6.0
156,2.5,3.5,3.0,0.07864125378321306,-0.15632440806500175,0.9662732999440131,0.5224572768636131,-0.6787816849286148,0.6787816849286148,7.5
90,3.0,1.0,0.0,0.4757795853884386,-1.300437829410305,-1.7572691175726005,-0.640744766092081,-0.659693063318224,0.659693063318224,4.0
88,3.0,5.0,4.0,0.4757795853884386,0.5301436447421801,1.874120772449551,1.174950178918995,-0.6448065341768148,0.6448065341768148,9.0
136,1.5,4.0,1.5,-0.715635409427238,0.07249827620405888,-0.39549790881429364,-0.5555666591207659,0.6280649353248248,0.6280649353248248,12.0
137,1.0,1.0,1.5,-1.1127737410324636,-1.300437829410305,-0.39549790881429364,-0.7541358249233786,-0.5463020044869263,0.5463020044869263,4.0
147,3.5,7.0,3.0,0.8729179169936642,1.4454343818184225,0.9662732999440131,0.9195956084688386,0.525838773349584,0.525838773349584,13.0
145,3.5,5.5,1.5,0.8729179169936642,0.7589663290112407,-0.39549790881429364,0.23871000408968526,0.5202563249215555,0.5202563249215555,7.0
100,1.5,1.0,1.0,-0.715635409427238,-1.300437829410305,-0.8494216450670626,-0.7825285272471503,-0.5179093021631547,0.5179093021631547,3.5
94,2.5,2.5,1.5,0.07864125378321306,-0.613969776603123,-0.39549790881429364,-0.15842832751554028,-0.45554144908758276,0.45554144908758276,4.5
44,2.5,2.5,1.5,0.07864125378321306,-0.613969776603123,-0.39549790881429364,-0.15842832751554028,-0.45554144908758276,0.45554144908758276,6.5
54,2.5,3.5,2.5,0.07864125378321306,-0.15632440806500175,0.5123495636912442,0.2954954087372286,-0.4518198168022304,0.4518198168022304,6.0
149,2.5,4.0,3.0,0.07864125378321306,0.07249827620405888,0.9662732999440131,0.5224572768636131,-0.4499590006595542,0.4499590006595542,5.0
62,2.0,3.5,1.0,-0.31849707782201253,-0.15632440806500175,-0.8494216450670626,-0.5839593614445375,0.4276349533795358,0.4276349533795358,6.5
5,3.0,3.5,2.0,0.4757795853884386,-0.15632440806500175,0.05842582743847526,0.26710270641345696,-0.4234271144784587,0.4234271144784587,5.5
126,3.0,4.0,2.5,0.4757795853884386,0.07249827620405888,0.5123495636912442,0.49406457453984143,-0.4215662983357825,0.4215662983357825,7.0
121,1.5,5.0,3.0,-0.715635409427238,0.5301436447421801,0.9662732999440131,0.12531894525838755,0.40482469948379257,0.40482469948379257,6.5
48,3.5,2.5,0.5,0.8729179169936642,-0.613969776603123,-1.3033453813198315,-0.21521373216308365,-0.39875604444003937,0.39875604444003937,5.0
168,1.5,3.0,1.0,-0.715635409427238,-0.38514709233406236,-0.8494216450670626,-0.7825285272471503,0.3973814349130879,0.3973814349130879,7.5
161,3.5,4.0,2.0,0.8729179169936642,0.07249827620405888,0.05842582743847526,0.4656718722160697,-0.39317359601201085,0.39317359601201085,7.0
60,5.0,9.0,4.0,2.0643329118093408,2.360725118894665,1.874120772449551,1.9692268421294459,0.3914982767652193,0.3914982767652193,11.0
97,3.5,5.5,3.5,0.8729179169936642,0.7589663290112407,1.420197036196782,1.1465574765952231,-0.3875911475839824,0.3875911475839824,7.5
61,1.0,3.5,2.0,-1.1127737410324636,-0.15632440806500175,0.05842582743847526,-0.5271739567969942,0.37084954873199244,0.37084954873199244,5.5
171,1.0,3.0,1.5,-1.1127737410324636,-0.38514709233406236,-0.39549790881429364,-0.7541358249233786,0.36898873258931625,0.36898873258931625,4.5
154,1.0,2.5,1.0,-1.1127737410324636,-0.613969776603123,-0.8494216450670626,-0.9810976930497631,0.3671279164466401,0.3671279164466401,8.5
96,4.0,5.5,3.0,1.2700562485988898,0.7589663290112407,0.9662732999440131,1.1181647742714516,-0.35919844526021083,0.35919844526021083,7.5
150,0.5,2.0,1.0,-1.5099120726376891,-0.8427924608721836,-0.8494216450670626,-1.179666858852376,0.33687439798019236,0.33687439798019236,4.0
103,1.0,1.0,1.0,-1.1127737410324636,-1.300437829410305,-0.8494216450670626,-0.9810976930497631,-0.3193401363605418,0.3193401363605418,3.0
92,1.0,1.0,1.0,-1.1127737410324636,-1.300437829410305,-0.8494216450670626,-0.9810976930497631,-0.3193401363605418,0.3193401363605418,6.0
157,1.0,2.0,2.0,-1.1127737410324636,-0.8427924608721836,0.05842582743847526,-0.5271739567969942,-0.31561850407518943,0.31561850407518943,4.0
25,0.0,1.0,0.5,-1.9070504042429148,-1.300437829410305,-1.3033453813198315,-1.6051978927813733,0.3047600633710683,0.3047600633710683,3.5
118,1.5,1.5,1.0,-0.715635409427238,-1.0716151451412443,-0.8494216450670626,-0.7825285272471503,-0.28908661789409407,0.28908661789409407,4.5
80,1.5,3.5,3.0,-0.715635409427238,-0.15632440806500175,0.9662732999440131,0.12531894525838755,-0.2816433533233893,0.2816433533233893,5.5
114,3.0,5.0,2.0,0.4757795853884386,0.5301436447421801,0.05842582743847526,0.26710270641345696,0.26304093832872316,0.26304093832872316,8.0
85,2.0,2.0,1.0,-0.31849707782201253,-0.8427924608721836,-0.8494216450670626,-0.5839593614445375,-0.2588330994276461,0.2588330994276461,5.0
155,2.0,3.0,2.0,-0.31849707782201253,-0.38514709233406236,0.05842582743847526,-0.13003562519176864,-0.2551114671422937,0.2551114671422937,8.5
106,2.5,4.0,2.5,0.07864125378321306,0.07249827620405888,0.5123495636912442,0.2954954087372286,-0.22299713253316975,0.22299713253316975,6.0
141,2.5,4.5,3.0,0.07864125378321306,0.3013209604731195,0.9662732999440131,0.5224572768636131,-0.22113631639049358,0.22113631639049358,9.0
142,2.0,4.0,2.0,-0.31849707782201253,0.07249827620405888,0.05842582743847526,-0.13003562519176864,0.20253390139582753,0.20253390139582753,6.0
71,2.0,4.0,2.0,-0.31849707782201253,0.07249827620405888,0.05842582743847526,-0.13003562519176864,0.20253390139582753,0.20253390139582753,5.0
165,2.0,2.0,0.0,-0.31849707782201253,-0.8427924608721836,-1.7572691175726005,-1.0378830976973066,0.19509063682512295,0.19509063682512295,3.0
130,2.0,2.0,0.0,-0.31849707782201253,-0.8427924608721836,-1.7572691175726005,-1.0378830976973066,0.19509063682512295,0.19509063682512295,3.0
89,3.0,4.0,2.0,0.4757795853884386,0.07249827620405888,0.05842582743847526,0.26710270641345696,-0.19460443020939808,0.19460443020939808,9.0
2,3.0,4.0,2.0,0.4757795853884386,0.07249827620405888,0.05842582743847526,0.26710270641345696,-0.19460443020939808,0.19460443020939808,7.0
132,3.0,4.0,2.0,0.4757795853884386,0.07249827620405888,0.05842582743847526,0.26710270641345696,-0.19460443020939808,0.19460443020939808,5.0
111,3.0,4.0,2.0,0.4757795853884386,0.07249827620405888,0.05842582743847526,0.26710270641345696,-0.19460443020939808,0.19460443020939808,10.0
129,3.0,4.0,2.0,0.4757795853884386,0.07249827620405888,0.05842582743847526,0.26710270641345696,-0.19460443020939808,0.19460443020939808,8.5
74,3.0,5.0,3.0,0.4757795853884386,0.5301436447421801,0.9662732999440131,0.7210264426662258,-0.19088279792404572,0.19088279792404572,7.5
133,1.5,2.5,1.0,-0.715635409427238,-0.613969776603123,-0.8494216450670626,-0.7825285272471503,0.16855875064402726,0.16855875064402726,4.5
57,1.5,2.0,0.5,-0.715635409427238,-0.8427924608721836,-1.3033453813198315,-1.0094903953735348,0.16669793450135117,0.16669793450135117,4.5
16,3.5,5.5,3.0,0.8729179169936642,0.7589663290112407,0.9662732999440131,0.9195956084688386,-0.16062927945759786,0.16062927945759786,8.0
113,1.0,2.5,1.5,-1.1127737410324636,-0.613969776603123,-0.39549790881429364,-0.7541358249233786,0.1401660483202556,0.1401660483202556,5.5
123,1.0,2.0,1.0,-1.1127737410324636,-0.8427924608721836,-0.8494216450670626,-0.9810976930497631,0.1383052321775795,0.1383052321775795,7.0
124,1.0,2.0,1.0,-1.1127737410324636,-0.8427924608721836,-0.8494216450670626,-0.9810976930497631,0.1383052321775795,0.1383052321775795,4.0
122,4.0,5.5,2.0,1.2700562485988898,0.7589663290112407,0.05842582743847526,0.6642410380186825,0.09472529099255822,0.09472529099255822,12.5
10,4.0,4.5,1.0,1.2700562485988898,0.3013209604731195,-0.8494216450670626,0.21031730176591357,0.09100365870720595,0.09100365870720595,8.0
11,1.0,1.5,1.0,-1.1127737410324636,-1.0716151451412443,-0.8494216450670626,-0.9810976930497631,-0.09051745209148121,0.09051745209148121,4.0
138,1.0,2.0,1.5,-1.1127737410324636,-0.8427924608721836,-0.39549790881429364,-0.7541358249233786,-0.08865663594880502,0.08865663594880502,5.0
131,1.0,2.0,1.5,-1.1127737410324636,-0.8427924608721836,-0.39549790881429364,-0.7541358249233786,-0.08865663594880502,0.08865663594880502,4.0
73,0.0,1.0,1.0,-1.9070504042429148,-1.300437829410305,-0.8494216450670626,-1.3782360246549887,0.07779819524468379,0.07779819524468379,3.0
13,1.5,2.5,1.5,-0.715635409427238,-0.613969776603123,-0.39549790881429364,-0.5555666591207659,-0.05840311748235716,0.05840311748235716,7.0
105,3.0,4.5,2.0,0.4757795853884386,0.3013209604731195,0.05842582743847526,0.26710270641345696,0.034218254059662556,0.034218254059662556,6.5
14,2.0,3.5,2.0,-0.31849707782201253,-0.15632440806500175,0.05842582743847526,-0.13003562519176864,-0.026288782873233107,0.026288782873233107,7.5
39,2.5,5.0,3.0,0.07864125378321306,0.5301436447421801,0.9662732999440131,0.5224572768636131,0.007686367878567024,0.007686367878567024,8.5
41,2.5,3.5,1.5,0.07864125378321306,-0.15632440806500175,-0.39549790881429364,-0.15842832751554028,0.002103919450538533,0.002103919450538533,5.0
