participant_id,condition,typed_chars,pasted_chars,typed_share,n_typing_bursts,typing_duration_s,n_paste_events,prop_pages_with_writing,writing_gini,first_writing_page,first_writing_time_s,final_answer_length,seq_time_mean_run_explore,seq_time_mean_run_exploit,seq_time_max_run,seq_time_entropy,seq_time_lag1_autocorr,seq_topic_mean_run_explore,seq_topic_mean_run_exploit,seq_topic_max_run,seq_topic_entropy,seq_topic_lag1_autocorr,seq_typing_mean_run_explore,seq_typing_mean_run_exploit,seq_typing_max_run,seq_typing_entropy,seq_typing_lag1_autocorr
1,diffuse,587.0,446.5,0.5681549570136171,5.0,119.4065,2.5,0.30666666666666664,0.794523962489152,6.0,129.031,970.0,6.625,1.25,9.0,0.6703194948732486,,2.25,3.4583333333333335,9.5,0.8070891556458595,,4.666666666666666,1.1666666666666665,6.0,0.723828349670927,
2,diffuse,2.0,578.0,0.0034482758620689655,0.0,0.0,2.0,0.14285714285714285,0.8571428571428571,4.0,149.423,580.0,2.5,1.0,3.0,0.863120568566631,,2.0,1.5,3.0,0.9852281360342515,,3.0,1.0,3.0,0.5916727785823275,
4,clumpy,0.0,864.5,0.0,0.0,0.0,1.0,0.06787330316742082,0.9321266968325792,7.0,257.7625,863.5,4.166666666666667,1.25,6.5,0.6509546059145128,,2.625,1.6333333333333333,5.0,0.917608826425117,,7.0,1.0,9.0,0.3570002612633269,
5,diffuse,609.0,93.5,0.8180933852140078,2.5,39.431999999999995,0.5,0.5892857142857143,0.5445919730939186,1.0,29.7715,699.5,1.25,1.4166666666666665,2.0,0.8982531302466922,,2.5,1.25,3.0,0.8982531302466922,,3.0,1.5,3.0,0.9315602842833155,
8,clumpy,411.5,0.0,1.0,3.5,46.62049999999999,0.0,0.30952380952380953,0.7828655107490494,2.5,63.259,398.0,3.9166666666666665,1.5,7.0,0.7194722376105982,,4.875,1.25,7.0,0.7273966735744791,,3.833333333333333,1.0,6.5,0.7194722376105982,
10,diffuse,335.5,186.5,0.755249343832021,0.0,0.0,0.5,0.3125,0.7582020997375328,2.0,31.088499999999996,522.0,1.8333333333333335,1.5,2.0,0.9772170014624826,,4.5,2.0,5.5,0.6774212838293646,,5.75,1.0,7.0,0.2717822215997982,
11,diffuse,420.5,182.0,0.7573333333333334,6.0,152.49000000000007,1.0,0.3666666666666667,0.6612454212454213,2.5,84.57249999999999,481.0,2.0,2.0,2.5,0.9446232142545791,,1.5,2.0,2.0,0.9446232142545791,,2.5,1.5,2.5,0.9446232142545791,
13,diffuse,533.0,336.5,0.6031607927172954,4.5,34.246999999999915,1.0,0.2857142857142857,0.7553958269081473,5.5,158.269,858.0,4.0,1.5,5.0,0.7273966735744792,,2.5,2.25,3.5,0.9241743523004413,,3.75,2.0,4.5,0.863120568566631,
14,clumpy,271.5,1579.5,0.15443686006825938,3.0,45.020000000000024,2.5,0.2159090909090909,0.7888483814251732,5.0,156.4615,1363.5,3.75,1.0,4.0,0.7476582800490872,,2.5,2.25,4.0,0.8784692145298865,,3.75,1.0,4.0,0.7476582800490872,
15,clumpy,800.5,36.5,0.9520997375328084,5.5,70.33850000000001,0.5,0.2409090909090909,0.8403887088874655,3.5,75.4965,795.5,6.0,1.1666666666666665,6.0,0.7052237906880909,,5.0,1.3333333333333335,5.0,0.8579791531821594,,6.75,1.25,7.5,0.660393943076103,
16,clumpy,473.5,155.5,0.7752890173410405,4.5,85.05100000000002,1.0,0.35,0.7350267570824567,3.5,79.8365,619.0,2.083333333333333,1.25,2.5,0.8609640474436812,,5.5,1.5,6.0,0.6936457138218854,,2.6666666666666665,1.5,3.5,0.8201119644709259,
18,diffuse,3.0,1304.0,0.0022953328232593728,1.0,11.069000000000017,8.0,0.3,0.7506503442999235,1.0,21.473,1298.0,7.0,1.5,7.0,0.8812908992306927,,4.0,1.0,6.0,0.7219280948873623,,7.0,1.5,7.0,0.8812908992306927,
25,clumpy,171.0,525.0,0.24415565513011112,3.0,48.102500000000006,3.0,0.875,0.29713916641542,1.5,252.9905,632.5,,3.5,3.5,0.0,,2.0,2.0,2.5,0.5,,1.0,3.0,3.0,0.4056390622295664,
39,clumpy,53.0,1822.5,0.02733754769633806,3.0,26.66000000000004,4.0,0.3611111111111111,0.7362570793072245,2.5,202.6165,1861.0,3.25,2.0,3.5,0.9955380299191111,,2.5,1.75,4.0,0.9011770921486775,,2.166666666666667,2.5,4.0,0.8821022532543101,
40,clumpy,297.5,301.0,0.43001434377241216,4.5,95.91650000000004,3.0,0.6333333333333333,0.6351821858315404,2.0,119.21100000000001,481.5,5.0,3.0,5.0,0.32501121082417705,,,5.5,5.5,0.0,,2.0,3.0,3.0,0.9854752972273343,
41,clumpy,749.0,50.5,0.9335526315789473,3.5,37.80000000000002,0.5,0.625,0.592930702799908,1.5,39.288000000000004,799.5,1.5,1.25,2.5,0.8647869792568113,,3.5,1.5,3.5,0.825011210824177,,2.25,1.5,3.0,0.825011210824177,
43,diffuse,587.5,402.0,0.6260404203298132,6.5,120.31,2.0,0.5142857142857142,0.5879299784732079,1.0,59.004999999999995,797.5,2.5,1.75,3.0,0.8535781154608069,,2.0,2.0,2.5,0.97808936524446,,1.75,1.25,3.0,0.9170355815106498,
44,diffuse,301.5,1293.5,0.1936026936026936,4.5,60.68100000000005,4.0,0.6309523809523809,0.6279639715123586,2.0,67.8075,1579.0,1.0,3.6666666666666665,4.0,0.49261406801712576,,1.0,1.1666666666666665,1.5,0.9517619850443706,,3.0,2.25,4.0,0.7565714951074926,
48,diffuse,315.0,0.0,1.0,2.0,44.106999999999985,0.0,0.4583333333333333,0.7044573643410853,1.5,100.03399999999999,315.0,1.25,1.0,1.5,1.0,,5.0,2.5,4.5,0.32501121082417705,,3.5,3.0,4.5,0.4056390622295664,
50,clumpy,26.0,540.0,0.04582094950543316,3.0,33.16300000000001,2.5,0.4464285714285714,0.6154669798286819,3.0,207.28050000000002,391.0,1.0,1.25,1.5,0.8982531302466922,,2.25,1.0,2.5,0.9315602842833155,,2.0,1.25,3.0,0.7014754515207302,
53,diffuse,148.0,1083.5,0.18998716302952504,3.0,72.56600000000003,2.0,0.30000000000000004,0.7470175387777129,4.5,151.7175,890.0,1.3333333333333335,1.125,1.5,0.9854752972273343,,3.0,1.1666666666666665,4.0,0.8464393446710154,,2.75,1.0,3.5,0.8464393446710154,
54,diffuse,360.5,387.5,0.4827631419513404,4.0,61.21049999999998,2.0,0.41666666666666663,0.6260759849267165,2.0,44.033,691.0,2.0,1.5,2.5,0.9182958340544896,,2.75,1.25,3.0,0.9591479170272448,,2.5,1.25,2.5,0.9591479170272448,
56,clumpy,25.5,1266.0,0.018956263251234375,1.5,11.140499999999975,4.0,0.2111111111111111,0.8154146946582501,6.5,163.3425,1275.5,2.5,1.4166666666666665,3.5,0.9446232142545791,,8.0,1.0,8.0,0.6166000500489508,,3.75,1.0,5.5,0.7430663006979913,
57,clumpy,425.5,0.0,1.0,1.0,21.596000000000004,0.0,0.575,0.541469088989819,2.5,117.762,425.5,2.0,1.75,2.5,0.8911143594569007,,2.0,1.5,3.0,0.7666031096732475,,3.5,2.0,3.5,0.5,
59,clumpy,525.5,932.5,0.3782555658671463,5.5,121.48949999999999,3.5,0.2264957264957265,0.8484272820650199,5.0,58.363,1411.0,6.75,1.0,10.5,0.5444466332212052,,1.5,2.8666666666666667,4.5,0.8488228356732872,,4.375,1.0,8.0,0.7146861294702197,
60,diffuse,43.0,522.0,0.07610619469026549,1.0,10.754000000000019,2.0,0.18181818181818182,0.8283185840707965,7.0,291.826,565.0,2.3333333333333335,1.3333333333333333,4.0,0.9456603046006401,,4.5,1.0,6.0,0.6840384356390418,,3.0,1.0,6.0,0.6840384356390417,
61,diffuse,6.5,888.0,0.00805043277113334,1.0,12.359000000000009,3.5,0.55,0.6509778128005355,3.0,224.005,809.0,2.0,3.5,4.0,0.4591479170272448,,3.5,1.25,3.5,0.8609640474436812,,1.75,2.25,2.5,0.9854752972273343,
62,diffuse,469.5,0.0,1.0,4.5,79.62849999999997,0.0,0.55,0.6102738801942795,2.0,72.8075,460.5,2.5,2.0,3.5,0.8609640474436812,,2.1666666666666665,1.6666666666666665,2.5,0.9854752972273343,,4.0,2.5,4.5,0.8911143594569007,
63,diffuse,498.5,0.0,1.0,5.5,75.21049999999994,0.0,0.2361111111111111,0.7793055555555555,9.5,175.946,477.0,3.8333333333333335,1.5,6.5,0.7877413154838766,,2.375,1.7,3.0,0.9820393824041145,,8.5,2.5,8.5,0.7877413154838766,
71,clumpy,804.0,400.0,0.6677740863787376,4.0,66.86099999999995,1.0,0.4,0.7691029900332226,1.0,32.777,1176.0,2.0,1.5,2.0,0.9709505944546686,,4.0,1.0,4.0,0.7219280948873623,,3.0,1.0,3.0,0.9709505944546686,
72,clumpy,330.0,706.5,0.5813459804535728,2.5,61.80650000000003,1.5,0.1846590909090909,0.8945114409540085,11.5,201.4725,969.0,4.333333333333334,1.25,9.0,0.6944576899110164,,2.875,1.875,5.0,0.9450342220057569,,8.5,1.0,11.0,0.4915307150605549,
73,clumpy,213.0,0.0,1.0,5.0,149.29199999999997,0.0,0.6666666666666666,0.5915492957746479,1.0,69.642,200.0,,3.0,3.0,0.0,,1.0,1.0,1.0,0.9182958340544896,,1.0,2.0,2.0,0.9182958340544896,
74,diffuse,559.0,0.0,1.0,3.5,59.232499999999995,0.0,0.33035714285714285,0.6832351970063835,3.0,143.249,558.0,1.8333333333333335,2.25,2.5,0.9698310694796083,,4.0,1.5,4.0,0.7958363892911636,,2.0833333333333335,1.75,2.5,0.9087772857457981,
75,clumpy,58.5,680.0,0.11129916769794472,1.0,6.6595000000000155,3.5,0.25,0.75,3.5,108.7165,738.0,1.5,1.0,2.0,0.9182958340544896,,1.0,4.0,4.0,0.4591479170272448,,3.5,1.0,3.5,0.7841591278514218,
80,diffuse,672.5,0.0,1.0,3.0,27.50449999999998,0.0,0.3666666666666667,0.7031313131313132,1.5,55.245000000000005,616.0,1.5,3.5,3.5,0.9446232142545791,,2.75,1.25,3.0,0.8609640474436812,,1.6666666666666665,1.0,2.0,0.8201119644709259,
82,clumpy,430.0,0.0,1.0,2.0,25.32699999999994,0.0,0.1,0.9,10.0,423.035,480.0,4.0,1.0,7.0,0.7219280948873623,,1.0,4.5,8.0,0.4689955935892811,,9.0,1.0,9.0,0.4689955935892811,
85,diffuse,585.0,0.0,1.0,1.0,9.965,0.0,0.6,0.5107692307692308,1.0,16.121,606.0,1.0,2.0,3.0,0.7219280948873623,,2.0,1.5,2.0,0.9709505944546686,,4.0,1.0,4.0,0.7219280948873623,
88,clumpy,2.0,3609.0,0.0005538631957906397,4.0,18.568999999999903,4.0,0.3333333333333333,0.696636819594449,2.0,160.091,3596.0,2.5,2.0,4.0,0.9910760598382222,,1.6666666666666667,1.0,2.0,0.9910760598382222,,2.0,1.5,4.0,0.9182958340544896,
89,clumpy,122.0,1047.0,0.10436270316509838,2.0,27.46799999999999,2.0,0.1111111111111111,0.8888888888888888,3.0,39.955,1163.0,3.0,1.5,4.0,0.9182958340544896,,2.0,2.5,3.0,0.9910760598382222,,4.0,1.0,6.0,0.5032583347756459,
90,clumpy,963.0,0.0,1.0,0.0,0.0,0.0,0.5,0.5194704049844237,2.0,91.171,444.0,1.0,1.0,1.0,1.0,,1.0,1.5,2.0,0.8112781244591328,,4.0,,4.0,0.0,
92,diffuse,5.0,955.0,0.005208333333333333,2.0,35.22099999999995,3.0,0.5,0.5809027777777778,4.0,299.957,951.0,2.0,4.0,4.0,0.9182958340544896,,1.0,5.0,5.0,0.6500224216483541,,3.0,3.0,3.0,1.0,
94,diffuse,61.5,461.5,0.5,0.5,6.9080000000000155,1.0,0.25,0.75,2.5,193.7755,523.0,1.0,1.5,2.0,0.9182958340544896,,2.5,1.25,2.5,0.9591479170272448,,2.25,1.0,3.0,0.7841591278514218,
95,diffuse,1085.5,0.0,1.0,3.0,86.32799999999995,0.0,0.6000000000000001,0.6343410513329989,1.0,36.9185,1062.0,2.0,4.0,4.0,0.4854752972273343,,3.5,1.0,3.5,0.8464393446710154,,2.0,2.0,2.5,0.8464393446710154,
96,diffuse,302.5,3510.5,0.08253465570008679,4.5,77.139,4.5,0.6517857142857143,0.6791559634136839,1.0,13.003,1443.5,1.75,1.3333333333333335,3.5,0.9087772857457981,,4.5,1.0,5.0,0.764396289616924,,1.5,2.25,4.5,0.764396289616924,
97,diffuse,201.5,885.5,0.18309100700053849,4.0,47.224500000000035,5.0,0.3055555555555555,0.7669753086419753,3.5,136.303,1082.0,2.5,1.0,3.5,0.9182958340544896,,3.5,1.0,4.0,0.7841591278514218,,3.3333333333333335,1.0,3.5,0.8205492407432882,
100,diffuse,1139.5,0.0,1.0,7.5,110.56799999999996,0.0,0.75,0.5453464454100028,1.0,12.044,1122.0,1.5,1.5,2.0,0.9591479170272448,,1.0,1.25,1.5,0.8647869792568113,,2.0,2.0,2.5,0.5,
102,diffuse,216.0,1310.0,0.14154652686762778,0.0,0.0,2.0,0.36363636363636365,0.76814011676397,2.0,30.806,867.0,4.0,1.5,6.0,0.8453509366224364,,4.5,1.0,6.0,0.6840384356390418,,4.5,2.0,8.0,0.6840384356390417,
103,diffuse,714.0,0.0,1.0,2.0,20.23100000000005,0.0,0.3333333333333333,0.6666666666666666,3.0,94.185,714.0,2.0,1.0,2.0,0.9182958340544896,,1.0,1.0,1.0,0.9182958340544896,,2.0,1.0,2.0,0.9182958340544896,
104,diffuse,11.0,1904.0,0.00865460267505901,1.0,20.605000000000004,3.0,0.2111111111111111,0.8142903429752824,4.5,223.13400000000001,1726.5,1.5,2.1666666666666665,4.0,0.9446232142545791,,1.5,1.6666666666666667,2.5,0.9955380299191111,,2.5,1.0,4.0,0.7430663006979913,
105,clumpy,336.5,350.0,0.49160924889365754,3.5,45.063000000000045,3.0,0.47619047619047616,0.6233670586444091,4.5,169.468,659.5,1.5,1.75,2.5,0.9926140680171258,,3.75,1.25,4.0,0.7958363892911636,,3.25,1.75,3.5,0.9315602842833155,
106,clumpy,28.5,2345.0,0.012744400925481044,2.5,35.60549999999995,5.0,0.34285714285714286,0.7350457919457165,2.5,139.338,2309.0,2.0,1.5,2.0,0.97808936524446,,3.0,1.25,3.5,0.8535781154608069,,2.75,1.0,3.0,0.9170355815106498,
107,clumpy,0.0,904.0,0.0,0.0,0.0,1.0,0.16666666666666666,0.8333333333333334,6.0,352.783,901.0,4.0,1.0,4.0,0.9182958340544896,,5.0,1.0,5.0,0.6500224216483541,,5.0,1.0,5.0,0.6500224216483541,
108,clumpy,700.0,0.0,1.0,3.0,45.58200000000001,0.0,0.25,0.75,1.0,30.261,700.0,1.0,1.5,2.0,0.8112781244591328,,,4.0,4.0,0.0,,3.0,1.0,3.0,0.8112781244591328,
109,diffuse,55.0,839.0,0.07074815741899597,3.5,29.668500000000016,3.0,0.875,0.2867067630834839,1.0,15.115,765.0,,3.5,3.5,0.0,,2.0,1.5,2.5,0.8647869792568113,,1.0,3.0,3.0,0.4056390622295664,
110,clumpy,461.0,0.0,1.0,0.0,0.0,0.0,0.4,0.7991323210412148,2.0,251.254,460.0,3.0,2.0,3.0,0.9709505944546686,,4.0,1.0,4.0,0.7219280948873623,,5.0,,5.0,0.0,
111,clumpy,456.0,0.0,1.0,4.5,95.36749999999998,0.0,0.25757575757575757,0.8454729208199816,1.0,18.073,424.0,6.0,1.0,7.0,0.8011671348467657,,2.0,3.0,4.0,0.9683681822194312,,6.75,1.0,8.0,0.6018507467150669,
113,diffuse,51.0,191.0,0.4443338074917022,0.5,18.36250000000001,1.0,0.29166666666666663,0.7704954954954955,4.5,375.83349999999996,240.5,3.0,2.5,3.5,0.4056390622295664,,1.75,1.75,2.5,0.9363649184897274,,2.75,1.0,3.5,0.730930138627043,
114,diffuse,618.0,0.0,1.0,2.0,53.051999999999964,0.0,0.5,0.5635113268608414,2.0,41.601,618.0,1.0,3.0,4.0,0.8112781244591328,,2.5,1.5,3.0,0.954434002924965,,3.0,2.0,3.0,0.8112781244591328,
118,clumpy,479.5,2869.5,0.5006091193873999,3.0,82.882,2.0,0.45,0.5584331957635125,3.5,191.447,2673.5,1.5,2.25,2.5,0.8911143594569007,,3.0,3.0,4.0,0.4056390622295664,,2.5,2.0,2.5,0.9854752972273343,
120,clumpy,196.0,0.0,1.0,2.0,23.18100000000004,0.0,0.125,0.875,7.0,317.582,193.0,5.0,3.0,5.0,0.954434002924965,,2.5,1.5,4.0,0.954434002924965,,3.5,1.0,6.0,0.5435644431995964,
121,clumpy,2.0,4819.0,0.0004495392222971454,0.0,0.0,4.5,0.38095238095238093,0.6927131879103443,1.0,47.6655,4818.0,4.0,1.75,4.0,0.9315602842833155,,5.0,1.0,5.0,0.7549843063184084,,2.0,1.25,2.5,0.9517619850443706,
122,diffuse,0.5,716.0,0.0007352941176470588,1.0,12.734999999999985,1.5,0.17063492063492064,0.8339869281045751,2.5,96.77850000000001,715.0,3.5,1.25,8.0,0.8176252788413028,,3.8333333333333335,2.125,6.0,0.7220389786159029,,9.75,1.0,10.0,0.5863319988584781,
123,diffuse,806.0,0.0,1.0,9.0,123.52599999999993,0.0,0.2857142857142857,0.7369727047146402,6.0,102.823,794.0,5.0,2.0,5.0,0.863120568566631,,1.0,2.5,4.0,0.863120568566631,,5.0,2.0,5.0,0.863120568566631,
124,diffuse,279.5,0.0,1.0,4.0,62.66550000000005,0.0,0.25,0.75,4.0,217.66750000000002,276.0,2.5,1.5,2.5,0.9056390622295665,,2.0,2.0,3.0,0.8112781244591328,,3.0,1.0,3.0,0.8112781244591328,
126,diffuse,203.0,1924.5,0.5,2.5,74.62499999999991,2.5,0.2857142857142857,0.7761941877296514,4.0,120.70150000000001,1132.0,2.0,1.5,2.5,0.9241743523004413,,2.0,1.25,2.5,0.9852281360342515,,2.5,1.25,3.0,0.7884504573082896,
128,diffuse,287.0,0.0,1.0,4.0,100.53799999999995,0.0,0.3333333333333333,0.6666666666666666,2.0,101.309,286.0,1.0,1.0,1.0,0.9182958340544896,,,3.0,3.0,0.0,,1.0,1.0,1.0,0.9182958340544896,
129,clumpy,3.5,3041.0,0.0010944763038030615,2.0,12.908999999999935,3.0,0.2833333333333333,0.7536175892995336,2.5,165.3665,3044.5,1.8333333333333333,2.6666666666666665,4.0,0.8201119644709259,,3.25,2.25,3.5,0.9754096755529107,,4.0,1.5,4.5,0.8104865080515113,
130,clumpy,14.0,2538.0,0.0054858934169279,3.0,73.02899999999997,9.0,1.0,0.1810344827586207,1.0,58.128,2551.0,1.0,1.0,1.0,0.9182958340544896,,2.0,1.0,2.0,0.9182958340544896,,,3.0,3.0,0.0,
131,diffuse,84.5,511.0,0.1174095883857326,3.5,52.98549999999999,2.5,0.625,0.588763001376182,1.0,39.297,396.0,1.0,2.75,3.0,0.4056390622295664,,2.0,2.0,3.0,0.8112781244591328,,1.5,2.0,2.0,1.0,
132,clumpy,248.0,0.0,1.0,6.0,135.93099999999987,0.0,0.2,0.8,4.0,287.814,244.0,1.0,1.5,2.0,0.9709505944546686,,4.0,1.0,4.0,0.7219280948873623,,2.0,1.0,3.0,0.7219280948873623,
133,diffuse,40.0,436.5,0.07861952861952862,1.5,6.747499999999974,3.0,0.45,0.7567971380471381,2.0,80.77350000000001,476.0,2.0,2.0,3.0,0.8911143594569007,,2.5,1.25,3.0,0.7666031096732475,,3.0,1.5,3.0,0.8609640474436812,
135,diffuse,677.0,0.0,1.0,8.0,119.0320000000001,0.0,0.625,0.5758862629246676,1.0,8.857,677.0,1.6666666666666667,1.5,2.0,0.954434002924965,,2.5,1.0,4.0,0.954434002924965,,1.3333333333333333,2.0,3.0,1.0,
136,clumpy,21.0,314.0,0.043624362436243624,0.0,0.0,2.0,0.15263157894736842,0.8696195935383011,3.5,306.828,335.0,9.0,2.25,9.5,0.8000999091553516,,2.0,4.0,7.5,0.9012124912321989,,6.5,1.0,10.5,0.5097001719033261,
137,diffuse,446.0,494.0,0.6217457886676876,5.5,81.54850000000008,1.0,0.875,0.5239380292512179,1.0,126.285,875.0,1.0,2.75,3.0,0.4056390622295664,,1.0,2.25,2.5,0.8112781244591328,,1.0,2.5,2.5,0.5,
138,clumpy,660.5,0.0,1.0,3.5,41.89300000000003,0.0,0.29166666666666663,0.776077097505669,4.5,119.417,654.0,3.0,2.0,3.0,0.9591479170272448,,4.0,3.0,4.0,0.4591479170272448,,2.75,1.0,3.5,0.7306502730537434,
139,clumpy,3.0,2225.0,0.0013464991023339318,3.0,33.114999999999895,4.0,0.8,0.3917414721723519,1.0,68.025,2206.0,1.0,2.0,3.0,0.7219280948873623,,1.0,1.5,2.0,0.9709505944546686,,1.0,2.0,3.0,0.7219280948873623,
140,diffuse,12.0,1519.0,0.007838014369693011,1.0,19.47399999999999,3.0,0.2857142857142857,0.7391994028179527,5.0,175.794,1154.0,2.0,1.0,3.0,0.9852281360342515,,2.0,2.5,3.0,0.863120568566631,,2.5,1.0,4.0,0.863120568566631,
141,clumpy,227.5,3584.5,0.05036358004487247,3.0,54.564,3.0,0.2875,0.7936890202372806,2.0,48.355000000000004,3806.0,3.25,1.75,5.5,0.8462845118449127,,1.8333333333333335,2.0,3.0,0.9626922986898168,,2.583333333333333,2.0,4.5,0.8381810489061636,
142,clumpy,75.0,2151.5,0.03903050746322931,3.5,64.78750000000002,5.0,0.5555555555555556,0.6189402038991584,2.0,46.525,2106.0,1.75,2.0,2.5,0.9546859469463559,,4.0,1.25,4.0,0.9182958340544896,,1.75,2.0,2.5,0.9546859469463559,
143,clumpy,1182.5,63.5,0.9540853217642806,4.0,51.51549999999996,1.0,0.4949494949494949,0.7102380409848982,3.0,81.21950000000001,1228.0,4.5,1.75,5.0,0.9182134982303294,,5.75,1.5,6.5,0.8375572477386319,,4.75,2.75,5.5,0.9319780693275648,
144,diffuse,351.0,0.0,1.0,2.0,143.45499999999993,0.0,0.25,0.75,4.0,135.926,350.0,2.0,1.0,2.0,1.0,,1.0,1.5,2.0,0.8112781244591328,,3.0,1.0,3.0,0.8112781244591328,
145,diffuse,2.0,1410.0,0.0013114754098360656,1.5,21.684000000000005,2.5,0.3666666666666667,0.6839689210279449,1.0,81.568,1364.5,1.25,1.75,2.5,0.9446232142545791,,4.75,1.0,5.0,0.7371044646151572,,4.5,1.75,4.5,0.9446232142545791,
146,clumpy,32.5,1127.0,0.04114793045463662,2.0,34.511000000000024,3.0,0.2763157894736842,0.7539393233241231,11.5,205.481,1145.5,9.5,1.75,10.5,0.47374733528382196,,2.25,2.05,5.5,0.9498718793491313,,10.5,2.0,10.5,0.6487361244596449,
147,diffuse,356.0,21.0,0.9523809523809523,4.0,101.03200000000002,0.5,0.22549019607843135,0.8042061458354492,5.0,190.6205,374.5,4.583333333333333,1.6666666666666665,6.0,0.7568177171875815,,3.5,2.0,5.5,0.9842469386831969,,4.75,1.75,6.0,0.7204276042957152,
149,diffuse,52.5,1926.0,0.018783542039355994,2.0,19.532500000000027,3.0,0.5476190476190476,0.554448306899974,1.0,38.284,1493.0,1.3333333333333333,2.0,2.5,0.49261406801712576,,4.0,1.0,4.0,0.7549843063184084,,1.1666666666666665,1.5,2.0,0.9517619850443706,
150,clumpy,161.0,3493.5,0.033970794175624056,3.5,37.82800000000003,2.5,0.625,0.5422416463553539,2.5,130.311,2097.5,1.0,3.5,3.5,0.4056390622295664,,1.5,1.5,1.5,1.0,,1.5,2.5,2.5,0.9056390622295665,
151,diffuse,1155.0,0.0,1.0,6.0,155.974,0.0,0.16666666666666666,0.8333333333333334,6.0,73.105,1151.0,5.0,1.0,5.0,0.6500224216483541,,5.0,1.0,5.0,0.6500224216483541,,5.0,1.0,5.0,0.6500224216483541,
154,diffuse,541.0,1154.5,0.5525193798449612,4.0,97.82850000000003,1.5,0.2121212121212121,0.8377143817957629,1.0,18.2165,1375.0,7.0,1.5,7.0,0.6788964104880015,,1.75,3.0,5.0,0.8420192178195208,,7.0,1.5,7.0,0.6788964104880015,
155,clumpy,374.0,139.5,0.7430939226519337,3.0,53.783000000000044,0.5,0.3472222222222222,0.7976408357812175,2.5,99.926,507.0,3.75,2.75,4.0,0.9727550313815936,,2.25,4.0,4.5,0.9363649184897274,,5.25,1.0,5.5,0.6538844748541084,
156,diffuse,408.5,779.0,0.41954810399540476,4.5,76.84750000000001,2.0,0.3611111111111111,0.6835287161979535,1.5,63.875,1126.5,2.0,2.0,4.0,0.7841591278514218,,2.5,1.5833333333333335,3.0,0.9955380299191111,,2.5,1.25,3.5,0.8821022532543101,
157,diffuse,0.0,670.0,0.0,1.0,2.5450000000000728,3.0,0.25,0.75,3.0,370.464,668.0,1.0,3.0,3.0,0.8112781244591328,,2.0,1.0,2.0,1.0,,1.5,1.0,2.0,0.8112781244591328,
160,diffuse,194.0,120.0,0.6178343949044586,1.0,14.997000000000014,2.0,0.2,0.8235668789808918,6.0,137.045,256.0,2.0,1.3333333333333333,3.0,0.9709505944546686,,2.0,1.0,2.0,0.9709505944546686,,2.6666666666666665,1.0,5.0,0.7219280948873623,
161,clumpy,367.0,0.0,1.0,2.5,38.17750000000004,0.0,0.21428571428571427,0.8184089962515617,5.5,344.4955,367.0,1.75,1.4166666666666665,2.0,0.9852281360342515,,3.0,1.25,3.0,0.9852281360342515,,4.25,1.0,4.5,0.7273966735744792,
162,diffuse,847.0,0.0,1.0,1.0,13.81049999999999,0.0,0.525,0.5848836435690548,1.5,66.5895,847.0,3.5,2.75,4.5,0.44064544961534635,,5.5,1.5,5.5,0.7666031096732475,,3.75,1.0,5.5,0.6401368590242069,
164,clumpy,152.5,0.0,1.0,0.5,3.133999999999986,0.0,0.24206349206349204,0.8484490488307282,10.0,324.7135,139.0,2.75,1.4166666666666665,4.5,0.874716321271436,,3.5,1.75,7.0,0.7565714951074926,,10.5,1.0,11.0,0.29583638929116374,
165,clumpy,122.0,481.0,0.2023217247097844,5.0,49.09500000000004,7.0,1.0,0.5339966832504146,1.0,37.692,603.0,1.0,1.0,1.0,0.9182958340544896,,2.0,1.0,2.0,0.9182958340544896,,,3.0,3.0,0.0,
166,diffuse,328.0,160.0,0.7178130511463845,2.5,87.29950000000001,1.0,0.3125,0.79185038212816,4.5,214.699,479.0,3.5,2.75,3.5,1.0,,5.5,1.5,5.5,0.730930138627043,,5.0,1.25,5.0,0.7717822215997983,
168,clumpy,321.5,1244.5,0.3480570533166242,4.5,62.7025,5.5,0.20535714285714285,0.829657981850351,4.5,96.374,1541.5,5.5,1.25,5.5,0.764396289616924,,1.5,1.9166666666666665,3.0,0.9698310694796083,,6.0,1.5,6.0,0.7033425058831138,
169,clumpy,710.5,262.5,0.6959421954253995,4.5,51.09000000000003,3.5,0.47619047619047616,0.7123932087908376,2.5,100.40050000000001,948.5,2.166666666666667,1.3333333333333333,4.5,0.8907082013105603,,3.1666666666666665,1.75,4.5,0.7565714951074926,,2.583333333333333,1.5,4.5,0.87479762862974,
170,clumpy,798.0,0.0,1.0,3.0,61.4885,0.0,0.2986111111111111,0.7425708218893348,1.5,31.752000000000002,791.0,1.0,1.75,2.5,0.9727550313815936,,4.0,3.0,5.0,0.9363649184897274,,2.75,1.0,5.0,0.7877413154838766,
171,clumpy,80.0,1617.5,0.12364760432766615,3.5,45.08099999999996,2.5,0.6666666666666666,0.475020097985177,1.5,98.35249999999999,1680.0,2.0,2.5,3.0,0.4591479170272448,,2.0,1.0,2.0,0.9182958340544896,,2.0,2.0,3.0,0.4591479170272448,
