spatial,wiki,n,r_pearson,p_pearson,rho_spearman,p_spearman,r_partial,p_partial,p_fdr,fdr_significant
explore_dur_mean_mean,count_time,132,-0.03676568877633595,0.6755599715168715,-0.03408261995795873,0.6980398253160846,-0.04642359279240135,0.5985173276208142,0.9556464431004119,False
explore_dur_mean_mean,count_topic,132,-0.018851853324514455,0.8301179288125976,0.00732968337419323,0.9335240968686005,0.03028553686813125,0.7313047671978556,0.9556464431004119,False
explore_dur_mean_mean,count_typing,132,-0.05114708046428516,0.560278759791268,-0.04542695288675629,0.6050032655747387,-0.04995821982247,0.5709371833731103,0.8693980755381744,False
explore_dur_mean_mean,PC1,132,-0.02968329717753873,0.7354642212971623,-0.009277776273271547,0.9159140326916251,0.0052279822153844056,0.9527419086649516,0.9556464431004119,False
explore_dur_mean_mean,seq_typing_mean_run_explore,130,-0.11391021668810647,0.19689893379749496,-0.08726748327430939,0.3235066100428337,-0.09170359746432921,0.3013257526121298,0.730097857471973,False
explore_dur_mean_mean,seq_typing_entropy,132,0.10380167012206748,0.23623496436156052,0.08117616487766555,0.35480948263822687,-0.013178625399483059,0.88124029342009,0.7423353487559324,False
explore_dur_mean_sd,count_time,132,0.07799401104937441,0.374048663745594,0.0989547557864542,0.25895547350614534,0.08392476028510458,0.3405701785239703,0.7605039333765344,False
explore_dur_mean_sd,count_topic,132,0.08287310023532685,0.3448070852684202,0.09616908930071781,0.27267003371783793,0.10348539647762861,0.23949351951348108,0.7605039333765344,False
explore_dur_mean_sd,count_typing,132,0.07968023939868037,0.3637756147945974,0.1006191902459632,0.25099035353542304,0.09076963643734756,0.30250368291427576,0.7605039333765344,False
explore_dur_mean_sd,PC1,132,0.09107108230919853,0.2990209649961488,0.10981209679169217,0.21004576131389774,0.10946471420851432,0.21327256441723264,0.7474461495107344,False
explore_dur_mean_sd,seq_typing_mean_run_explore,130,-0.0002449923717906897,0.9977927636573927,-0.025250552197153473,0.7755173761936315,0.020761316861431144,0.8153473658325332,0.9977927636573927,False
explore_dur_mean_sd,seq_typing_entropy,132,0.009596118342867338,0.9130399784514532,-0.005720556865516715,0.9480946935323965,-0.03785270164099651,0.6677445024985396,0.9782571197694142,False
explore_dur_median_mean,count_time,132,-0.03527436582676333,0.6880211272925032,-0.03114063270660255,0.7229928915401489,-0.04358260198381008,0.6211085672233108,0.9556464431004119,False
explore_dur_median_mean,count_topic,132,-0.018466436676999147,0.8335403059265696,0.004147074917482298,0.9623591755680644,0.029482625600241008,0.7381662820375996,0.9556464431004119,False
explore_dur_median_mean,count_typing,132,-0.05195028613490063,0.554127760065576,-0.04551978003242633,0.6042649923746265,-0.050650327708025265,0.5656076161183385,0.8693980755381744,False
explore_dur_median_mean,PC1,132,-0.029175588079026867,0.7398254378366449,-0.010869295825210705,0.9015570858112889,0.005160743714437627,0.9533490183848563,0.9556464431004119,False
explore_dur_median_mean,seq_typing_mean_run_explore,130,-0.11449035292160814,0.19461306235383355,-0.08200557623232468,0.35364603358400354,-0.0921216132474265,0.29911825549110693,0.730097857471973,False
explore_dur_median_mean,seq_typing_entropy,132,0.10142480800847731,0.24719641811186363,0.07711278957740754,0.37948721855003825,-0.013992730564599558,0.8739628005713618,0.7423353487559324,False
explore_dur_median_sd,count_time,132,0.07570134720424261,0.3882976172955367,0.0975429192420755,0.2658461154759826,0.08219022748257597,0.350678279235622,0.7605039333765344,False
explore_dur_median_sd,count_topic,132,0.08462002784939678,0.3346976922602046,0.10563838401795048,0.22800057476496854,0.10705424674452396,0.22358540404978733,0.7605039333765344,False
explore_dur_median_sd,count_typing,132,0.08668360488012476,0.32300174415219657,0.10714095177305541,0.22141618215113085,0.09920096511807279,0.2596121998916687,0.7550690123038362,False
explore_dur_median_sd,PC1,132,0.09287295872506658,0.28952170909222397,0.11794970827909476,0.17799414051228332,0.11296370481825034,0.19891345188160114,0.7474461495107344,False
explore_dur_median_sd,seq_typing_mean_run_explore,130,0.0018591642284173987,0.9832512247353213,-0.013547408314705987,0.8784145286425686,0.024533560910959207,0.7825656989961494,0.9959005606481017,False
explore_dur_median_sd,seq_typing_entropy,132,0.017378924863198343,0.8432136838263856,0.0031708378611326688,0.9712155818296347,-0.03287538106794044,0.709319297958972,0.9556464431004119,False
exploit_dur_mean_mean,count_time,120,0.019077246724269473,0.8361565317777571,0.026122081050054313,0.7770187382572545,0.04507461944927513,0.6264259691624725,0.9556464431004119,False
exploit_dur_mean_mean,count_topic,120,0.01813376414582167,0.8441543580720305,0.04135859099214971,0.6537848082355561,0.021351702517547692,0.817713124781376,0.9556464431004119,False
exploit_dur_mean_mean,count_typing,120,-0.03606613335352311,0.6957405777432245,0.03596892633447403,0.6965203369437268,-0.05064733010872667,0.584367311723049,0.9556464431004119,False
exploit_dur_mean_mean,PC1,120,0.012777968303977344,0.8898324979595013,0.04597134353095996,0.6180728197729235,0.018858527293989687,0.8386904151964256,0.970726361410365,False
exploit_dur_mean_mean,seq_typing_mean_run_explore,118,0.13485675631457236,0.14539680497174315,0.10437037697551003,0.26069141985842387,0.1469993717324537,0.11374681106093121,0.730097857471973,False
exploit_dur_mean_mean,seq_typing_entropy,120,-0.20648192517951638,0.02365652502004891,-0.12667448875840154,0.16799166619964684,-0.15887934444022378,0.08437347506202242,0.730097857471973,False
exploit_dur_mean_sd,count_time,111,0.09999126882404755,0.29640788210239777,0.12828011345854934,0.17967173122017102,0.10800548120096574,0.2613866053728815,0.7474461495107344,False
exploit_dur_mean_sd,count_topic,111,0.15203671544423197,0.11117168101946069,0.19630463201829895,0.038930352930727025,0.1463403004852726,0.12712891119363712,0.730097857471973,False
exploit_dur_mean_sd,count_typing,111,0.015175311101530586,0.8743929353672533,0.03520264688080213,0.7137695388340916,0.017350473791994347,0.8572247431569799,0.970726361410365,False
exploit_dur_mean_sd,PC1,111,0.1392623760221649,0.14491645025918676,0.18156169683146503,0.05650764901274346,0.13699388193935558,0.15354283982693495,0.730097857471973,False
exploit_dur_mean_sd,seq_typing_mean_run_explore,109,0.1145795715609696,0.23547769841647992,0.09005187077060073,0.3517377970223496,0.11224027914394577,0.2474681121096498,0.7423353487559324,False
exploit_dur_mean_sd,seq_typing_entropy,111,-0.15692255590252777,0.10001655830055907,-0.19803419646831766,0.03720722309568426,-0.11585239878580478,0.22810565380070869,0.730097857471973,False
exploit_dur_median_mean,count_time,120,0.018157094646446076,0.8439563923579099,0.023525967449848008,0.7986830245289255,0.04375290233393618,0.636586885419816,0.9556464431004119,False
exploit_dur_median_mean,count_topic,120,0.025649289316348967,0.7809519409738427,0.04706790882556446,0.6097086389872008,0.03074321802823935,0.7399591339694824,0.9556464431004119,False
exploit_dur_median_mean,count_typing,120,-0.03516842830477058,0.7029536164328594,0.038042835795610595,0.6799540693650001,-0.04939853904685549,0.5936789703551697,0.9556464431004119,False
exploit_dur_median_mean,PC1,120,0.018387282657230712,0.8420037073192804,0.0510102028347387,0.5800577395142004,0.025848381580848873,0.7802119238667249,0.9556464431004119,False
exploit_dur_median_mean,seq_typing_mean_run_explore,118,0.14504902745557047,0.11707665565574749,0.10522290275413558,0.25679584339200706,0.15959095514335647,0.08566169960598269,0.730097857471973,False
exploit_dur_median_mean,seq_typing_entropy,120,-0.20734909599893175,0.023063791860609074,-0.12229083172173645,0.18331826964836456,-0.16001645044867774,0.08214594159859478,0.730097857471973,False
exploit_dur_median_sd,count_time,111,0.1128047655484709,0.23848373306858284,0.13762590112664974,0.1497460770243583,0.12185748694479741,0.20473215638457543,0.7423353487559324,False
exploit_dur_median_sd,count_topic,111,0.14999442639452176,0.11611212363458359,0.19044978572887378,0.045267082531115735,0.1442321590259583,0.13275878201533975,0.730097857471973,False
exploit_dur_median_sd,count_typing,111,0.017700916057936392,0.8537043161648553,0.03391436462823131,0.7238133796410001,0.02008968096095474,0.8349819196537749,0.9604173556854623,False
exploit_dur_median_sd,PC1,111,0.14090499106035204,0.14018798600619378,0.17833668300389244,0.06111454907348622,0.1388484775859058,0.14799865120730926,0.730097857471973,False
exploit_dur_median_sd,seq_typing_mean_run_explore,109,0.12479019662135905,0.19604985836179964,0.10079144861748884,0.2970315694103093,0.12314243705849548,0.2041982651613652,0.730097857471973,False
exploit_dur_median_sd,seq_typing_entropy,111,-0.16400266065518831,0.08543571579845961,-0.21801712451779018,0.021523354790847105,-0.12255535157776307,0.2021315699969337,0.730097857471973,False
pct_time_exploit_mean,count_time,132,0.030922351575752592,0.7248563281430528,0.04159239707945573,0.6358420743724718,0.03891408966380407,0.6590026079153697,0.9556464431004119,False
pct_time_exploit_mean,count_topic,132,0.02737458310777039,0.7553619807954878,0.024402092333661033,0.7812169373267356,-0.020020686138853147,0.8204441187149136,0.9556464431004119,False
pct_time_exploit_mean,count_typing,132,0.024331236238789793,0.78183630154354,0.02928193930548889,0.7389111915955372,0.009923538959039975,0.9104314954988992,0.9556464431004119,False
pct_time_exploit_mean,PC1,132,0.03095002901262861,0.7246199601350106,0.03641237428951207,0.6785044086509631,-0.004922618536093899,0.9554993105052012,0.9556464431004119,False
pct_time_exploit_mean,seq_typing_mean_run_explore,130,0.15351013508799424,0.08120595124504638,0.12793630652898139,0.14689740917553962,0.1533893242964824,0.08265289533835407,0.730097857471973,False
pct_time_exploit_mean,seq_typing_entropy,132,-0.1503816044433401,0.08522871237661543,-0.13465688008285082,0.12370789068001797,-0.053567782296177896,0.543405243986169,0.730097857471973,False
pct_time_exploit_sd,count_time,132,0.08877214451283215,0.31143589562947266,0.08673279869035105,0.3227261771727476,0.09041641608135,0.3043967773664926,0.7474461495107344,False
pct_time_exploit_sd,count_topic,132,0.13068939756923256,0.13526985785547369,0.15560523063109535,0.07480912318939355,0.12067588527853816,0.1697572637594773,0.730097857471973,False
pct_time_exploit_sd,count_typing,132,0.0965093591937464,0.2709689537968593,0.11319705518044948,0.19624514508589305,0.09369484384946015,0.287123898500492,0.7423353487559324,False
pct_time_exploit_sd,PC1,132,0.1318120292395357,0.13191765435278366,0.1496428261425622,0.08679172316640515,0.1242454838643725,0.15738825822041025,0.730097857471973,False
pct_time_exploit_sd,seq_typing_mean_run_explore,130,0.05235267330352668,0.5541498834437225,-0.004412635088360785,0.9602609680568143,0.03316971847529011,0.7090208921902357,0.8693980755381744,False
pct_time_exploit_sd,seq_typing_entropy,132,-0.12922694030217338,0.13973387251608269,-0.11633486636741808,0.18404978583076986,-0.09064227418638413,0.3031853902612551,0.730097857471973,False
n_transitions_mean,count_time,132,0.02670976355393567,0.7611222952417237,0.019234564338345726,0.8267227258280194,0.02627516419593523,0.7657778279034135,0.9556464431004119,False
n_transitions_mean,count_topic,132,-0.01924572266774844,0.826623782923808,-0.052794411908122195,0.5476988042368238,-0.04895011141490495,0.5787421147569631,0.9556464431004119,False
n_transitions_mean,count_typing,132,0.11487643751025044,0.18964725689222414,0.08266787780116025,0.3460072058803412,0.11698847493965571,0.18327602699565126,0.730097857471973,False
n_transitions_mean,PC1,132,0.007920806642558984,0.928176758639487,-0.02324272274177601,0.7913681359830134,-0.014161176753391722,0.872458311494285,0.9794621113558081,False
n_transitions_mean,seq_typing_mean_run_explore,130,0.013298050329535552,0.8806357404808203,-0.005291375209478953,0.9523557947547873,-0.02223023718963746,0.8025407126947421,0.970726361410365,False
n_transitions_mean,seq_typing_entropy,132,0.0076651565898868445,0.9304890057880177,-0.0240961164150428,0.7838924986149526,0.08775514906587997,0.3189093484418706,0.9794621113558081,False
n_transitions_sd,count_time,132,0.04747126000094699,0.5888379964905159,0.10663757401020849,0.2236068569754219,0.049936850264921846,0.5711021147170614,0.8906793224226291,False
n_transitions_sd,count_topic,132,-0.029613288727448547,0.7360650961251148,-0.0057262423590903125,0.9480431784690801,-0.019356913906879308,0.826301707088537,0.9556464431004119,False
n_transitions_sd,count_typing,132,0.11156742396512875,0.20280496040888138,0.16311505348952773,0.06165608518146923,0.11871127120413,0.176864929849875,0.730097857471973,False
n_transitions_sd,PC1,132,0.004292190840640643,0.9610430519447216,0.03596740375188414,0.6822195936335946,0.013599959770770432,0.8774726015776886,0.9885014248574279,False
n_transitions_sd,seq_typing_mean_run_explore,130,-0.08360911476956463,0.34428084921223545,-0.12806215305727134,0.14649695261310436,-0.07157094214205655,0.42023603599345627,0.7605039333765344,False
n_transitions_sd,seq_typing_entropy,132,0.08009415278476442,0.3612808374548254,0.07779852241740014,0.3752510110350022,0.051137861922215914,0.5618676012934283,0.7605039333765344,False
total_collected_mean,count_time,132,0.027565974040237466,0.7537061517896232,0.0513631927453935,0.5586205467773675,0.04258375306068511,0.6291374500088305,0.9556464431004119,False
total_collected_mean,count_topic,132,0.07430214525216855,0.3971520540966346,0.07381340011106026,0.40027307691189656,0.05626715807759699,0.5232518531932668,0.7605039333765344,False
total_collected_mean,count_typing,132,0.07617089925089776,0.38535303967479195,0.08472444104334753,0.3340994981132732,0.11169488489149927,0.2040374584882696,0.7605039333765344,False
total_collected_mean,PC1,132,0.0728721001942153,0.40632491711222957,0.0820125941366531,0.34985682137132496,0.06775449109801508,0.4419304567033644,0.7698787903179086,False
total_collected_mean,seq_typing_mean_run_explore,130,0.12527609914906124,0.1555572566369435,0.10976274549249344,0.21380861573307378,0.12904063982285777,0.14499073589854405,0.730097857471973,False
total_collected_mean,seq_typing_entropy,132,-0.07618975478726969,0.38523507831126985,-0.09810295550910803,0.2630980055378319,0.11412651696292177,0.1942997692331201,0.7605039333765344,False
total_collected_sd,count_time,132,0.03423472545553383,0.6967581705642567,0.05628701464323662,0.5214926186127157,0.05190146140448261,0.5560336625171489,0.9556464431004119,False
total_collected_sd,count_topic,132,0.10466541325496805,0.23233708272108236,0.1366928663773063,0.11807853475764728,0.11053849603338103,0.20878949504451239,0.7423353487559324,False
total_collected_sd,count_typing,132,0.060192898662588215,0.4929602208025233,0.11050702691482722,0.20715733690970692,0.07455763123036732,0.39735681705606773,0.8532003821582135,False
total_collected_sd,PC1,132,0.0948921383857347,0.27911808275319094,0.13052972975719887,0.13575186653249913,0.10528764715039701,0.23136408318433066,0.7423353487559324,False
total_collected_sd,seq_typing_mean_run_explore,130,0.09924795782928339,0.26124732738209,0.12921670041331978,0.1428614985001875,0.07498391118401344,0.3983599793971564,0.7423353487559324,False
total_collected_sd,seq_typing_entropy,132,-0.1253709751711465,0.1520405752738004,-0.129432020207189,0.13910121582346194,0.005904707418687204,0.9466331905406189,0.730097857471973,False
time_to_first_resource_mean,count_time,132,0.015332788262906929,0.8614763974342399,0.047033673756154026,0.5922815775241124,0.015388829900504263,0.8615075406300863,0.9631413139016346,False
time_to_first_resource_mean,count_topic,132,0.14410743323220285,0.09924240580365504,0.10797051534925668,0.21783921144714782,0.163475953240153,0.06208239802605697,0.730097857471973,False
time_to_first_resource_mean,count_typing,132,0.03147817409336809,0.7201145435270513,0.0041095903490208354,0.9626991571271306,0.020918419808568844,0.8125376696440856,0.9556464431004119,False
time_to_first_resource_mean,PC1,132,0.11620533016538066,0.18454199941716268,0.09553030884303647,0.27588289721814213,0.1292175834467301,0.14130123951230744,0.730097857471973,False
time_to_first_resource_mean,seq_typing_mean_run_explore,130,0.09067934250363276,0.3048757751778343,0.10313666158423672,0.24292847139903534,0.05719099945887977,0.5197248270041708,0.7474461495107344,False
time_to_first_resource_mean,seq_typing_entropy,132,-0.17427447642792607,0.0456583173483685,-0.09402916638940008,0.2835333006022887,-0.08908791433601768,0.3115863827031746,0.730097857471973,False
time_to_first_resource_sd,count_time,132,0.005362806222587387,0.9513366194949198,0.009102007665994593,0.9175013739938334,-0.0006980905287575952,0.9936860587709155,0.9885014248574279,False
time_to_first_resource_sd,count_topic,132,0.12430279850620993,0.15558993316877998,0.08824660309036313,0.3143204839311878,0.13512879770218628,0.12383753560776967,0.730097857471973,False
time_to_first_resource_sd,count_typing,132,0.05455122807912304,0.5344367083131396,0.022092831850621372,0.8014710088430815,0.059042602343505265,0.5029333318090017,0.8693980755381744,False
time_to_first_resource_sd,PC1,132,0.10239630430034641,0.242674337690274,0.07183222810874262,0.41307286947679916,0.10978464606226018,0.21192971778826108,0.7423353487559324,False
time_to_first_resource_sd,seq_typing_mean_run_explore,130,0.07493219998216713,0.39682847821359285,0.06549054142681744,0.45912376529089594,0.03070121637419968,0.7298040471430978,0.7605039333765344,False
time_to_first_resource_sd,seq_typing_entropy,132,-0.14047984424121568,0.10813837866417028,-0.04770349404415147,0.5870141514948711,-0.03156789369984988,0.7203901328095899,0.730097857471973,False
inter_resource_mean_mean,count_time,132,0.0010873466828635464,0.9901273522019287,-0.022486849095104493,0.7980054081902159,0.04013106499897359,0.6490356800237036,0.9959005606481017,False
inter_resource_mean_mean,count_topic,132,-0.060532847758686274,0.49051662188547557,-0.08342820298687353,0.34157406818880065,-0.04053134112270382,0.6457708687003416,0.8532003821582135,False
inter_resource_mean_mean,count_typing,132,-0.021112023136517277,0.8101144140949419,-0.05240748587854482,0.5506411469156498,0.009586617054378865,0.913460485202255,0.9556464431004119,False
inter_resource_mean_mean,PC1,132,-0.04825967445687877,0.5826567480365215,-0.08168659123407754,0.3517819683388563,-0.020104423135570648,0.8197058606371928,0.8903625075144574,False
inter_resource_mean_mean,seq_typing_mean_run_explore,130,-0.07757537541278978,0.3803368964545608,-0.12208264378285645,0.16645213702978234,-0.04187791464379704,0.6374844372028519,0.7605039333765344,False
inter_resource_mean_mean,seq_typing_entropy,132,0.1553791343798383,0.07523776454541191,0.10887065271841279,0.21400459702758376,0.0281895774324658,0.7492596535611322,0.730097857471973,False
inter_resource_mean_sd,count_time,132,0.10726960300075133,0.2208587458350678,0.026590902811631806,0.7621535523131423,0.10968359296595177,0.2123532128393013,0.7423353487559324,False
inter_resource_mean_sd,count_topic,132,0.06903735074439916,0.4315314155105678,0.055117157946435236,0.5301989167739688,0.07825216031220344,0.3743168602905347,0.7846025736555778,False
inter_resource_mean_sd,count_typing,132,0.09591771293449608,0.2739313448435256,0.02675274848466,0.7607494534340011,0.10074778003392706,0.25221937038728504,0.7423353487559324,False
inter_resource_mean_sd,PC1,132,0.08953091417331638,0.30730170368239507,0.04809774535757193,0.5839238435692375,0.09769518489976003,0.26695004650831655,0.7474461495107344,False
inter_resource_mean_sd,seq_typing_mean_run_explore,130,-0.02330403475484303,0.7924146407583798,-0.0026377906716575587,0.9762385085098714,-0.013253512114391354,0.8814965636164658,0.9556464431004119,False
inter_resource_mean_sd,seq_typing_entropy,132,0.05192205837967281,0.5543433749482555,-0.0047914883234893655,0.9565155150473106,0.02917207690809574,0.7408257402356382,0.8693980755381744,False
collection_rate_mean,count_time,132,0.022952154759735454,0.7939178522968063,0.04656694389950787,0.5959645360291228,0.033575757292427025,0.7034137147674975,0.9556464431004119,False
collection_rate_mean,count_topic,132,0.06812279769795547,0.4376725814408235,0.06832653617691431,0.43630020417262194,0.04397800242984706,0.6179424948258332,0.7878106465934823,False
collection_rate_mean,count_typing,132,0.07174591708685174,0.41363589350402347,0.08071442397478513,0.35756218869257334,0.10354555376792646,0.23921899613998843,0.7755673003200441,False
collection_rate_mean,PC1,132,0.06656647015902269,0.4482366322719567,0.07631717653671474,0.3844384921509428,0.055345572199447926,0.5300895092063262,0.7910058216563942,False
collection_rate_mean,seq_typing_mean_run_explore,130,0.11952913438072715,0.175563910292331,0.1044827790524608,0.23680029611161474,0.11808219723547163,0.18260735788396731,0.730097857471973,False
collection_rate_mean,seq_typing_entropy,132,-0.0769772239114913,0.3803281222987211,-0.09508337994445074,0.278145924927576,0.11414498078818346,0.19422714181733247,0.7605039333765344,False
collection_rate_sd,count_time,132,0.024264606197800652,0.7824188499491366,0.04888582626848743,0.5777690837442679,0.032971676656619237,0.7085062983418005,0.9556464431004119,False
collection_rate_sd,count_topic,132,0.09218822244972631,0.2931076108974787,0.1277988368567589,0.14420030820125507,0.08651316749090751,0.32583290923988484,0.7474461495107344,False
collection_rate_sd,count_typing,132,0.05224140153238066,0.551906474019818,0.105735285400807,0.22757182948057328,0.05906295590760553,0.5027858644635845,0.8693980755381744,False
collection_rate_sd,PC1,132,0.08215451636254946,0.3490207957126175,0.12152670903229415,0.16510467307943624,0.08079596706204087,0.3589382521777438,0.7605039333765344,False
collection_rate_sd,seq_typing_mean_run_explore,130,0.08815223155908708,0.3186063692450147,0.12122891900115818,0.1694585593009204,0.05357717677955161,0.5464886334302483,0.7545940324224031,False
collection_rate_sd,seq_typing_entropy,132,-0.12033079094305965,0.169334419785108,-0.1293205996153968,0.13944466929649327,0.013192772700029703,0.8811137406372893,0.730097857471973,False
path_length_mean,count_time,132,-0.034578095883881305,0.6938680486655717,-0.08833048860612952,0.313858892669241,-0.03868332878006084,0.6608993587144989,0.9556464431004119,False
path_length_mean,count_topic,132,-0.11197958881093849,0.20113113354175452,-0.11470985319703518,0.19029441503116232,-0.13508070342294692,0.12397257235216586,0.730097857471973,False
path_length_mean,count_typing,132,-0.019394497167475978,0.8253048333623838,-0.006243280453344862,0.9433593289498304,-0.027992785496148195,0.7509525482205948,0.9556464431004119,False
path_length_mean,PC1,132,-0.0946332407748906,0.2804377984189078,-0.11010170079140415,0.20883856187008806,-0.11410704943553551,0.1943763660395308,0.7423353487559324,False
path_length_mean,seq_typing_mean_run_explore,130,-0.11064077682640777,0.21014512280001418,-0.11567423532536476,0.19000810900098516,-0.1403645274143817,0.11260723297469477,0.7416886687059323,False
path_length_mean,seq_typing_entropy,132,0.0010608653559913566,0.9903677797556123,-0.01511302226651793,0.863442449955655,0.05105498244081908,0.5625025593618449,0.9959005606481017,False
path_length_sd,count_time,132,-0.13039504937135785,0.1361594610078328,-0.1211077068533723,0.16657756928061104,-0.13384846906913006,0.12747124712785518,0.730097857471973,False
path_length_sd,count_topic,132,-0.17832300704056345,0.04078433090925558,-0.1671704787670218,0.05538043062309027,-0.19119270137872074,0.028702459004660508,0.730097857471973,False
path_length_sd,count_typing,132,-0.0691630273142023,0.4306913809210043,-0.028129240649182506,0.7488395373464246,-0.0745901118723201,0.39715064822594437,0.7846025736555778,False
path_length_sd,PC1,132,-0.17298705270259054,0.04730636464890772,-0.1580142039509621,0.07036342592500368,-0.18418291832413639,0.03521153584564818,0.730097857471973,False
path_length_sd,seq_typing_mean_run_explore,130,-0.15171966936715534,0.08486085365144717,-0.16648727762067686,0.05833817146851599,-0.16844183374904503,0.05636953934893052,0.730097857471973,False
path_length_sd,seq_typing_entropy,132,0.051169547419264785,0.560106262811589,0.052001740922575763,0.5537348322288224,0.08069966362545507,0.3595132072353131,0.8693980755381744,False
coverage_entropy_mean,count_time,132,-0.017313951717055145,0.8437923735278261,-0.03749385653516721,0.6695070920728154,-0.016671769544387788,0.8500916902981144,0.9556464431004119,False
coverage_entropy_mean,count_topic,132,0.0011516131728430828,0.9895438717616977,-0.03382825710896413,0.7001850113121609,0.048757222433106845,0.5802411187660264,0.9959005606481017,False
coverage_entropy_mean,count_typing,132,0.05124703705688988,0.5595115075036257,-0.008144908356933763,0.9261503451990393,0.08922342995855646,0.3108479703015741,0.8693980755381744,False
coverage_entropy_mean,PC1,132,0.0043252484610161734,0.9607432515973168,-0.035321251784692635,0.6876280597525122,0.04565867152775916,0.6045636061357285,0.9885014248574279,False
coverage_entropy_mean,seq_typing_mean_run_explore,130,-0.13508187840192262,0.12544168251115606,-0.09803606243168776,0.2671443678489363,-0.1183103569139019,0.18175749447116818,0.730097857471973,False
coverage_entropy_mean,seq_typing_entropy,132,0.15030092576632714,0.08539829986253432,0.09995577030390317,0.2541446406745354,0.06624772216599974,0.45217183816387774,0.730097857471973,False
coverage_entropy_sd,count_time,132,0.012760548660874498,0.8845379385401098,-0.009251867410928647,0.9161479912731711,0.010547593963678034,0.9048245559106296,0.970726361410365,False
coverage_entropy_sd,count_topic,132,0.12360315852186847,0.15794817388683696,0.11074991872849647,0.20615452587750582,0.11666277506129032,0.1845069538125108,0.730097857471973,False
coverage_entropy_sd,count_typing,132,0.008183477642847558,0.9258016343508534,0.05545751668625364,0.5276583947093673,-0.009053354671648622,0.9182571349739197,0.9794621113558081,False
coverage_entropy_sd,PC1,132,0.0968944798611836,0.269052344120554,0.08613501303145536,0.32608503923502985,0.08868727960497494,0.31377608453328376,0.7423353487559324,False
coverage_entropy_sd,seq_typing_mean_run_explore,130,0.09622226889261198,0.2761380858290502,0.029532857592531155,0.7387214248877432,0.06655167988112227,0.45364278217847476,0.7423353487559324,False
coverage_entropy_sd,seq_typing_entropy,132,-0.1479261335132611,0.09051204057046475,-0.09886489768994969,0.2593903577348187,-0.06571134678109326,0.45584927955240895,0.730097857471973,False
heading_variability_mean,count_time,132,-0.03523495201421305,0.688351616709805,-0.015148979830000246,0.8631207118233467,-0.04348126471931649,0.6219211213511715,0.9556464431004119,False
heading_variability_mean,count_topic,132,-0.04812862809190849,0.5836820882594776,-0.04519245767895424,0.6068700312984285,-0.08205956872860165,0.3514472395834898,0.8903625075144574,False
heading_variability_mean,count_typing,132,-0.09900260515472117,0.2587241018318014,-0.06679302248812108,0.4466899953863451,-0.1238234051265264,0.1588145860545187,0.7423353487559324,False
heading_variability_mean,PC1,132,-0.05818052160087932,0.5075565125882966,-0.029766594889315875,0.7347494945991727,-0.08906257425989533,0.3117245852403552,0.8618884176027678,False
heading_variability_mean,seq_typing_mean_run_explore,130,0.18566096635453255,0.034443683949580396,0.13603228781201646,0.12277995473682647,0.17286067240723452,0.050114746456870085,0.730097857471973,False
heading_variability_mean,seq_typing_entropy,132,-0.15071502700091194,0.0845307069681166,-0.13780487441913533,0.11508891551406684,-0.09150260834256403,0.29860004563717624,0.730097857471973,False
heading_variability_sd,count_time,132,0.07529890252587342,0.39083211122486394,0.05933657163888849,0.4991440753302895,0.0821457457740462,0.3509399470735506,0.7605039333765344,False
heading_variability_sd,count_topic,132,0.12489136664606833,0.1536266162161187,0.10782904175104163,0.21844630530865256,0.1506808724535584,0.08581207930704315,0.730097857471973,False
heading_variability_sd,count_typing,132,0.0752106592317659,0.3913891697115992,0.08168512943184725,0.3517906156348623,0.0876844120855386,0.31930110418059043,0.7605039333765344,False
heading_variability_sd,PC1,132,0.12140340051506199,0.16553712317514443,0.10220933953799187,0.24354011504405335,0.1440743894729864,0.10063563719135638,0.730097857471973,False
heading_variability_sd,seq_typing_mean_run_explore,130,0.06733987941825387,0.4465125838908337,0.033858943745944635,0.7021405953438195,0.09547989112450056,0.28177120261723676,0.7910058216563942,False
heading_variability_sd,seq_typing_entropy,132,-0.05541207360302342,0.5279972379439769,-0.04398461013294649,0.6165254513244911,-0.11257841236852027,0.2004594914963833,0.8693980755381744,False
patch_leaving_distance_mean,count_time,117,0.10520362367790985,0.2589529953309572,-0.046209295265576725,0.620792229945752,0.1537365308192188,0.09941997832541172,0.7423353487559324,False
patch_leaving_distance_mean,count_topic,117,0.03131998583811147,0.737457346208547,-0.04665202992744546,0.6174461786502419,0.03625229857762592,0.6992390935167363,0.9556464431004119,False
patch_leaving_distance_mean,count_typing,117,-0.03389367408557181,0.7167661103855045,-0.11180130969885345,0.2301010378229617,-0.057401821205521286,0.5405071861341122,0.9556464431004119,False
patch_leaving_distance_mean,PC1,117,0.04194789781349814,0.6533869041358145,-0.053353715773007994,0.5677829990456844,0.052956372929762366,0.5723613806714307,0.9556464431004119,False
patch_leaving_distance_mean,seq_typing_mean_run_explore,115,0.13809111413811725,0.14108959786476827,0.12805574325276559,0.1726099414540268,0.15489329432488108,0.09986078617037952,0.730097857471973,False
patch_leaving_distance_mean,seq_typing_entropy,117,-0.24568355641782672,0.00758524063751635,-0.14980100694601092,0.10694915905265552,-0.2216355216178699,0.01680010327998982,0.730097857471973,False
patch_leaving_distance_sd,count_time,103,0.1362760616416327,0.16988154679271866,-0.06621026704512811,0.5063769035446245,0.14763229836983074,0.1386694829799069,0.730097857471973,False
patch_leaving_distance_sd,count_topic,103,0.01307317426308775,0.8957242202224338,-0.023811158727460292,0.8113060544444981,-0.01204808603404915,0.9043370715449375,0.9712672267472173,False
patch_leaving_distance_sd,count_typing,103,0.07846405793619969,0.43080178485032394,-0.0488067686565318,0.6244301659656737,0.06890023119861109,0.49138952754066123,0.7846025736555778,False
patch_leaving_distance_sd,PC1,103,0.050986299808156485,0.6090204756077314,-0.04000746889503388,0.688245735457008,0.033001614307235735,0.7419426189816944,0.9075809321198923,False
patch_leaving_distance_sd,seq_typing_mean_run_explore,102,-0.02312655982577454,0.8175330761574001,0.023899696649549003,0.8115442570849571,-0.04119828075007788,0.6824973165197921,0.9556464431004119,False
patch_leaving_distance_sd,seq_typing_entropy,103,-0.06682793654300567,0.5024100315114286,-0.08611678453639807,0.38707619919109987,-0.020519073410062386,0.8378065411117706,0.8612743397338776,False
levy_alpha_mean,count_time,132,0.005774970363767194,0.9476016730782497,-0.002199260353672425,0.9800332031637806,-0.038537213154432766,0.6621014783137742,0.9885014248574279,False
levy_alpha_mean,count_topic,132,0.05399332683576196,0.5386308535176677,0.049199567244450765,0.5753272541992073,0.016839341391382517,0.848602840882968,0.8693980755381744,False
levy_alpha_mean,count_typing,132,0.02048409198887754,0.8156601886236327,0.00886764461565096,0.9196183780600231,-0.07896113407611281,0.36999080772242343,0.9556464431004119,False
levy_alpha_mean,PC1,132,0.044787965128467076,0.6100960710361498,0.04452080267916358,0.6122309497734133,-0.007257785223545551,0.934428764467256,0.9075809321198923,False
levy_alpha_mean,seq_typing_mean_run_explore,130,0.07506103619451336,0.39601487785948697,0.08631251418556644,0.3288499453451234,0.11863713050286098,0.18054536360169382,0.7605039333765344,False
levy_alpha_mean,seq_typing_entropy,132,-0.15822476089737383,0.06998525224599868,-0.1263952424804725,0.14869467764874297,-0.14116510825588285,0.10777214855520789,0.730097857471973,False
levy_alpha_sd,count_time,132,0.13144537828972616,0.13300541234698565,0.16233754053856214,0.0629233408201515,0.13401482923663757,0.12699451757133895,0.730097857471973,False
levy_alpha_sd,count_topic,132,0.11362521390221139,0.19454743730725763,0.12974347090178487,0.13814458548656594,0.10358829748333334,0.23902407168940432,0.730097857471973,False
levy_alpha_sd,count_typing,132,0.10451909786395167,0.2329941780438934,0.12836651399400653,0.1424121005734586,0.1019034110384888,0.24679170516786564,0.7423353487559324,False
levy_alpha_sd,PC1,132,0.12966074364674596,0.13839819464295217,0.13831330483541962,0.11374176365509965,0.12232733012867897,0.16394817195024447,0.730097857471973,False
levy_alpha_sd,seq_typing_mean_run_explore,130,0.04365091587302094,0.6219240441929471,0.05004687902968542,0.5717571360320154,0.02608572241366821,0.7691835498285642,0.9175928520879547,False
levy_alpha_sd,seq_typing_entropy,132,0.010510344080716997,0.9047925453801924,-0.046385573780882344,0.597398503354579,0.05175473328900296,0.5571524021430991,0.9752254980145786,False
