condition,spatial,wiki,n,r_pearson,p_pearson,rho_spearman,p_spearman,p_fdr,fdr_significant
Clumpy,explore_dur_mean_mean,count_time,72,-0.08746268792581578,0.46504880663975906,0.030592205155271966,0.7986458100906396,0.9068835643557314,False
Clumpy,explore_dur_mean_mean,count_topic,72,-0.004506734729720184,0.9700290770043896,0.13732599408063162,0.25001386171898693,0.9809282801167984,False
Clumpy,explore_dur_mean_mean,count_typing,72,-0.04830934817205827,0.6869631796548166,0.06998386133708893,0.5591148427666467,0.9585532739369533,False
Clumpy,explore_dur_mean_mean,PC1,72,-0.02972901653465354,0.8042125986550956,0.13153028615775209,0.27075237776590133,0.9643538331354592,False
Clumpy,explore_dur_mean_mean,seq_typing_mean_run_explore,70,-0.05885277082976592,0.6284203000261852,-0.020915373483622754,0.8635487691203733,0.9404818982673262,False
Clumpy,explore_dur_mean_mean,seq_typing_entropy,72,-0.0824419793431407,0.4911545238684387,-0.08106217663732403,0.4984614598649773,0.9068835643557314,False
Clumpy,explore_dur_mean_sd,count_time,72,0.0859553570572441,0.4728060645259359,0.12439533129645033,0.2978261253126449,0.9068835643557314,False
Clumpy,explore_dur_mean_sd,count_topic,72,0.06475190322989705,0.5889282503157818,0.13082354130017165,0.27335796094095377,0.9404818982673262,False
Clumpy,explore_dur_mean_sd,count_typing,72,0.11384231229669242,0.3410066446806469,0.13456798588642024,0.25974320071867113,0.9068835643557314,False
Clumpy,explore_dur_mean_sd,PC1,72,0.08494923378226785,0.4780224564921218,0.14934636892826425,0.21053228910978972,0.9068835643557314,False
Clumpy,explore_dur_mean_sd,seq_typing_mean_run_explore,70,-0.11589752168371963,0.3393585696677659,-0.108153343688574,0.3728214135307781,0.9068835643557314,False
Clumpy,explore_dur_mean_sd,seq_typing_entropy,72,-0.03811289885416875,0.7505955092203827,-0.031524179803403794,0.7926466445948872,0.9643538331354592,False
Clumpy,explore_dur_median_mean,count_time,72,-0.07886274317327203,0.5102247422255117,0.05296488301127372,0.6585856198554462,0.9068835643557314,False
Clumpy,explore_dur_median_mean,count_topic,72,-0.00783225342105516,0.9479377473222997,0.12770946341771816,0.28503806640141716,0.9809282801167984,False
Clumpy,explore_dur_median_mean,count_typing,72,-0.04265905816864508,0.7219895459447152,0.08148693697888774,0.4962060750009946,0.9643538331354592,False
Clumpy,explore_dur_median_mean,PC1,72,-0.029543423629377848,0.8054107857662605,0.1316589221344345,0.2702799281555729,0.9643538331354592,False
Clumpy,explore_dur_median_mean,seq_typing_mean_run_explore,70,-0.058204866273036976,0.632212831613036,0.002717420695692814,0.9821877202518533,0.9404818982673262,False
Clumpy,explore_dur_median_mean,seq_typing_entropy,72,-0.08159865731180817,0.495613750302327,-0.08278313951434658,0.489356583562351,0.9068835643557314,False
Clumpy,explore_dur_median_sd,count_time,72,0.09548770848010961,0.42493709080437225,0.14096408257821397,0.23756519877252977,0.9068835643557314,False
Clumpy,explore_dur_median_sd,count_topic,72,0.09001058561180524,0.45209535075201646,0.16828928660098552,0.1576290083296643,0.9068835643557314,False
Clumpy,explore_dur_median_sd,count_typing,72,0.12845304054508555,0.2822195426997839,0.15235439160851882,0.20138420402468651,0.9068835643557314,False
Clumpy,explore_dur_median_sd,PC1,72,0.10843157941076194,0.3645935454769798,0.18354745922869684,0.12274876434756372,0.9068835643557314,False
Clumpy,explore_dur_median_sd,seq_typing_mean_run_explore,70,-0.10178050450379832,0.4018037082296668,-0.0829426923311142,0.4948400690952763,0.9068835643557314,False
Clumpy,explore_dur_median_sd,seq_typing_entropy,72,-0.046147299300216195,0.7002930548350415,-0.05129112724135443,0.668735212405301,0.9622347318344081,False
Clumpy,exploit_dur_mean_mean,count_time,71,0.13593553846944326,0.25833370579216974,0.13905565543556758,0.2474623163607659,0.9068835643557314,False
Clumpy,exploit_dur_mean_mean,count_topic,71,0.011041844113747132,0.9271814937347764,0.04127849603647186,0.7325083789333462,0.9809282801167984,False
Clumpy,exploit_dur_mean_mean,count_typing,71,-0.13641906703383308,0.2566280850769921,-0.05298871124654588,0.6607527228468942,0.9068835643557314,False
Clumpy,exploit_dur_mean_mean,PC1,71,0.01814289520013718,0.8806276929087454,0.06538106839447345,0.5880168021920725,0.9784752143430504,False
Clumpy,exploit_dur_mean_mean,seq_typing_mean_run_explore,69,0.15219807054039683,0.2118686384317135,0.16129273139705172,0.18549996514880326,0.9068835643557314,False
Clumpy,exploit_dur_mean_mean,seq_typing_entropy,71,-0.16993152037875167,0.15654715823073026,-0.0034552165647567462,0.9771856284620182,0.9068835643557314,False
Clumpy,exploit_dur_mean_sd,count_time,71,0.1691310489900205,0.1585372092644359,0.17411965900679766,0.1464361843318544,0.9068835643557314,False
Clumpy,exploit_dur_mean_sd,count_topic,71,0.1433099949785327,0.23315017092347518,0.16238788697592882,0.1760501909056377,0.9068835643557314,False
Clumpy,exploit_dur_mean_sd,count_typing,71,-0.05167872907492818,0.6686441116008852,-0.0036691056096642073,0.9757737575026212,0.9585532739369533,False
Clumpy,exploit_dur_mean_sd,PC1,71,0.1387640308152873,0.2484649387144905,0.16113020933636713,0.17946689492580306,0.9068835643557314,False
Clumpy,exploit_dur_mean_sd,seq_typing_mean_run_explore,69,0.10518799691010834,0.3896874179069101,0.06366770171364725,0.6032519779931542,0.9068835643557314,False
Clumpy,exploit_dur_mean_sd,seq_typing_entropy,71,-0.0926020545433978,0.44243886950495626,-0.06730963142897488,0.5770307776343967,0.9068835643557314,False
Clumpy,exploit_dur_median_mean,count_time,71,0.12707927339883873,0.29093565573049546,0.126612498912701,0.2927258703399193,0.9068835643557314,False
Clumpy,exploit_dur_median_mean,count_topic,71,0.01862775294673919,0.8774618704894769,0.04432432065228979,0.7135932759970977,0.9784752143430504,False
Clumpy,exploit_dur_median_mean,count_typing,71,-0.13269973632425702,0.2699455076720742,-0.045769959279625134,0.7046747010316726,0.9068835643557314,False
Clumpy,exploit_dur_median_mean,PC1,71,0.022534054325175676,0.8520301899609584,0.06767837703003202,0.5749410487165775,0.9784752143430504,False
Clumpy,exploit_dur_median_mean,seq_typing_mean_run_explore,69,0.15061328331223148,0.21672158271003275,0.15054720497212046,0.21692561196147855,0.9068835643557314,False
Clumpy,exploit_dur_median_mean,seq_typing_entropy,71,-0.16487266802519154,0.16943973535803378,0.008118081637583811,0.9464295829379704,0.9068835643557314,False
Clumpy,exploit_dur_median_sd,count_time,71,0.1867272691785988,0.11894607980143204,0.19445813359512445,0.10416199928318813,0.9068835643557314,False
Clumpy,exploit_dur_median_sd,count_topic,71,0.13278207010530968,0.2696457773578884,0.1484376736802765,0.21667628085730836,0.9068835643557314,False
Clumpy,exploit_dur_median_sd,count_typing,71,-0.04741497347906056,0.6945742653214131,-0.006877439817184538,0.9546070307339095,0.9617182135219566,False
Clumpy,exploit_dur_median_sd,PC1,71,0.13522015827128522,0.2608712404031013,0.15371845446836066,0.2005851313133658,0.9068835643557314,False
Clumpy,exploit_dur_median_sd,seq_typing_mean_run_explore,69,0.10521738894416348,0.38955421881762126,0.0748525682309096,0.5410198227544307,0.9068835643557314,False
Clumpy,exploit_dur_median_sd,seq_typing_entropy,71,-0.09336460161459677,0.4386742375218148,-0.08225428171634507,0.4952759196178063,0.9068835643557314,False
Clumpy,pct_time_exploit_mean,count_time,72,0.07266317177341917,0.5441301386134388,0.03733643268287829,0.7555162526906046,0.9068835643557314,False
Clumpy,pct_time_exploit_mean,count_topic,72,-0.048329397104231786,0.6868400071143073,-0.09824673692362423,0.4116177336734521,0.9585532739369533,False
Clumpy,pct_time_exploit_mean,count_typing,72,-0.06891834684518056,0.5651279777680351,-0.1299536653587001,0.27658792209187194,0.927256804476917,False
Clumpy,pct_time_exploit_mean,PC1,72,-0.03104720229112478,0.7957154952602226,-0.07959351057223385,0.5063006694347796,0.9643538331354592,False
Clumpy,pct_time_exploit_mean,seq_typing_mean_run_explore,70,0.12110754705377089,0.31794198723277467,0.12044309793167503,0.3206240427748528,0.9068835643557314,False
Clumpy,pct_time_exploit_mean,seq_typing_entropy,72,-0.02899009525684953,0.8089857155747464,0.001367120042494552,0.9909064065630495,0.9643538331354592,False
Clumpy,pct_time_exploit_sd,count_time,72,0.1387548313739562,0.2450726028354972,0.1008715953768427,0.3991740275049359,0.9068835643557314,False
Clumpy,pct_time_exploit_sd,count_topic,72,0.12475485986018117,0.2964209785268635,0.15759170299442238,0.18613981489234224,0.9068835643557314,False
Clumpy,pct_time_exploit_sd,count_typing,72,0.08276446004980466,0.4894549359642376,0.07204557901968729,0.5475667825597141,0.9068835643557314,False
Clumpy,pct_time_exploit_sd,PC1,72,0.13763914793034593,0.2489251188796992,0.14678972889170155,0.2185357507702974,0.9068835643557314,False
Clumpy,pct_time_exploit_sd,seq_typing_mean_run_explore,70,-0.08156518639928735,0.5020577277190948,-0.1300504949719309,0.2832469389632181,0.9068835643557314,False
Clumpy,pct_time_exploit_sd,seq_typing_entropy,72,-0.09349421257026604,0.43471217221803,-0.029063363726913594,0.8085121186907095,0.9068835643557314,False
Clumpy,n_transitions_mean,count_time,72,-0.01510874134473163,0.8997593467152663,-0.041914575445080385,0.7266493135284956,0.9809282801167984,False
Clumpy,n_transitions_mean,count_topic,72,-0.026805285946281253,0.8231387466760383,-0.07947985113219623,0.5069099759773903,0.9747695684321506,False
Clumpy,n_transitions_mean,count_typing,72,0.12721574364081165,0.2869197616121534,0.08094644845401452,0.49907687448023297,0.9068835643557314,False
Clumpy,n_transitions_mean,PC1,72,-0.004964084165806442,0.9669892080981075,-0.07620417645780049,0.524630879636729,0.9809282801167984,False
Clumpy,n_transitions_mean,seq_typing_mean_run_explore,70,-0.07461744853885632,0.5392746170118949,-0.09941584413965575,0.4128849540378852,0.9068835643557314,False
Clumpy,n_transitions_mean,seq_typing_entropy,72,0.21218572033568778,0.07355354692859242,0.1179444319741756,0.3237770924885599,0.9068835643557314,False
Clumpy,n_transitions_sd,count_time,72,0.03474883055109331,0.7719839724681562,0.15633880860080085,0.18970835642474632,0.9643538331354592,False
Clumpy,n_transitions_sd,count_topic,72,-0.021135286617258407,0.8601212578222162,0.026351166091923634,0.8260877407667787,0.9784752143430504,False
Clumpy,n_transitions_sd,count_typing,72,0.12296079676643715,0.30347600335253677,0.25257159728673645,0.03231695640500807,0.9068835643557314,False
Clumpy,n_transitions_sd,PC1,72,0.009655239682319855,0.9358432322917787,0.07108204209959147,0.5529493444246719,0.9809282801167984,False
Clumpy,n_transitions_sd,seq_typing_mean_run_explore,70,-0.1847164066670344,0.12581200399320808,-0.2805056086726696,0.018670037328777676,0.9068835643557314,False
Clumpy,n_transitions_sd,seq_typing_entropy,72,0.12501069408720006,0.2954237477257084,0.15189666483948888,0.20275764738186308,0.9068835643557314,False
Clumpy,total_collected_mean,count_time,72,0.05598545449507795,0.640424851678357,0.05230102842313966,0.6626039777542083,0.9443747225297665,False
Clumpy,total_collected_mean,count_topic,72,0.07435203576756272,0.5347862433214616,0.08185477255304127,0.4942572601753194,0.9068835643557314,False
Clumpy,total_collected_mean,count_typing,72,0.14441029826329638,0.2261744330250315,0.15525311027871308,0.1928403477226147,0.9068835643557314,False
Clumpy,total_collected_mean,PC1,72,0.09020044147629015,0.4511381843487846,0.11122366963028774,0.3523001028639276,0.9068835643557314,False
Clumpy,total_collected_mean,seq_typing_mean_run_explore,70,0.17321503783214093,0.15157469042686975,0.19658691222049698,0.10286740114825786,0.9068835643557314,False
Clumpy,total_collected_mean,seq_typing_entropy,72,0.1354703905323402,0.2565319911058381,0.030535519203511666,0.7990110795899824,0.9068835643557314,False
Clumpy,total_collected_sd,count_time,72,0.06140329756260131,0.6083784440580959,0.06685864020155886,0.5768372041087586,0.9404818982673262,False
Clumpy,total_collected_sd,count_topic,72,0.12341463052060324,0.3016811048688439,0.12880665147992976,0.28088569277486203,0.9068835643557314,False
Clumpy,total_collected_sd,count_typing,72,0.08139077340715756,0.4967162157631135,0.09166462268187331,0.44379426289813895,0.9068835643557314,False
Clumpy,total_collected_sd,PC1,72,0.11946086591000059,0.3175508809093096,0.12649740357005326,0.28967216503000764,0.9068835643557314,False
Clumpy,total_collected_sd,seq_typing_mean_run_explore,70,0.08306507495823297,0.49420145939922455,0.10084260542983914,0.4061778446517791,0.9068835643557314,False
Clumpy,total_collected_sd,seq_typing_entropy,72,0.010775850574710609,0.9284156005281685,0.0009328583819374591,0.993794889533981,0.9809282801167984,False
Clumpy,time_to_first_resource_mean,count_time,72,0.018732286884238992,0.8758907009018871,0.10190916884262828,0.3943169374567089,0.9784752143430504,False
Clumpy,time_to_first_resource_mean,count_topic,72,0.21253369082605636,0.07307148693781082,0.25759716784129755,0.028922556113753013,0.9068835643557314,False
Clumpy,time_to_first_resource_mean,count_typing,72,0.03178325261862711,0.7909810952181249,0.11254360492786947,0.34657895022145424,0.9643538331354592,False
Clumpy,time_to_first_resource_mean,PC1,72,0.1706672044892026,0.15175669522767177,0.24127285376492302,0.04118055468054781,0.9068835643557314,False
Clumpy,time_to_first_resource_mean,seq_typing_mean_run_explore,70,0.06965536463584844,0.5666569360692271,0.11530629622949443,0.3418447547958121,0.927256804476917,False
Clumpy,time_to_first_resource_mean,seq_typing_entropy,72,-0.10271433926522934,0.39057199738469695,-0.07620487954516693,0.5246270430123813,0.9068835643557314,False
Clumpy,time_to_first_resource_sd,count_time,72,-0.0016218391339697259,0.9892121993740295,0.08409208698484139,0.4824906260616213,0.9892121993740294,False
Clumpy,time_to_first_resource_sd,count_topic,72,0.17426753526703231,0.1431780709847916,0.23379786796244298,0.04808600675738415,0.9068835643557314,False
Clumpy,time_to_first_resource_sd,count_typing,72,0.08220173408911434,0.49242271477126265,0.17720954367095465,0.1364425752904737,0.9068835643557314,False
Clumpy,time_to_first_resource_sd,PC1,72,0.14449723927096514,0.22589208692990537,0.22893987950049807,0.053064376242035534,0.9068835643557314,False
Clumpy,time_to_first_resource_sd,seq_typing_mean_run_explore,70,0.034199293100918876,0.7786628238011527,0.05645222348471522,0.6425192734910669,0.9643538331354592,False
Clumpy,time_to_first_resource_sd,seq_typing_entropy,72,-0.03654721422156407,0.7605277754266235,-0.02229209857526411,0.8525488208240981,0.9643538331354592,False
Clumpy,inter_resource_mean_mean,count_time,72,0.0755388542736451,0.528267716311098,0.006890136296232426,0.9541929551243571,0.9068835643557314,False
Clumpy,inter_resource_mean_mean,count_topic,72,-0.1191016657095706,0.31901870698983475,-0.1387781547512058,0.24499250517084797,0.9068835643557314,False
Clumpy,inter_resource_mean_mean,count_typing,72,-0.015191794799085705,0.8992111882398122,-0.11946508571944968,0.31753366297544955,0.9809282801167984,False
Clumpy,inter_resource_mean_mean,PC1,72,-0.07639527767380908,0.5235885915436624,-0.14420092986096833,0.226855380208541,0.9068835643557314,False
Clumpy,inter_resource_mean_mean,seq_typing_mean_run_explore,70,-0.2182117811952204,0.06956153043185215,-0.2189539810871455,0.0685944243303804,0.9068835643557314,False
Clumpy,inter_resource_mean_mean,seq_typing_entropy,72,0.02458719182665496,0.8375651838812617,0.024013061452286665,0.841308240249863,0.9784752143430504,False
Clumpy,inter_resource_mean_sd,count_time,72,0.10616380412015844,0.374768966773011,0.017979202711815905,0.8808429777993159,0.9068835643557314,False
Clumpy,inter_resource_mean_sd,count_topic,72,-0.032536335565610947,0.7861449363490212,-0.03591677391886805,0.7645381475955797,0.9643538331354592,False
Clumpy,inter_resource_mean_sd,count_typing,72,0.05149774545600832,0.667479031253514,-0.061802441961698595,0.6060453855028183,0.9585532739369533,False
Clumpy,inter_resource_mean_sd,PC1,72,0.006085086576394075,0.9595403036249999,-0.04187101041012059,0.726922298625821,0.9809282801167984,False
Clumpy,inter_resource_mean_sd,seq_typing_mean_run_explore,70,-0.1414550870330261,0.24277734341111612,-0.1384482015089429,0.2530391716552536,0.9068835643557314,False
Clumpy,inter_resource_mean_sd,seq_typing_entropy,72,0.050201834977512606,0.6753727459269123,0.009762845479931686,0.9351297523830674,0.9585532739369533,False
Clumpy,collection_rate_mean,count_time,72,0.043808249545792224,0.714816504943852,0.03404537934608963,0.7764785677091114,0.9643538331354592,False
Clumpy,collection_rate_mean,count_topic,72,0.058222986083920764,0.6271057981996844,0.0637498534382065,0.5947191178085921,0.9404818982673262,False
Clumpy,collection_rate_mean,count_typing,72,0.1340219287409924,0.2616995144787693,0.14546563649444016,0.22276379161123266,0.9068835643557314,False
Clumpy,collection_rate_mean,PC1,72,0.07371459464542354,0.5383036592789595,0.09192648483665877,0.4424879148080742,0.9068835643557314,False
Clumpy,collection_rate_mean,seq_typing_mean_run_explore,70,0.15910279660535975,0.18831538893157762,0.1781926706517533,0.13998071327163217,0.9068835643557314,False
Clumpy,collection_rate_mean,seq_typing_entropy,72,0.13545611687094297,0.256582573091613,0.04202687848280311,0.7259457623641496,0.9068835643557314,False
Clumpy,collection_rate_sd,count_time,72,0.03610550472649384,0.7633369351662068,0.044145508552096216,0.7127160329166456,0.9643538331354592,False
Clumpy,collection_rate_sd,count_topic,72,0.09255745667833533,0.4393490509413104,0.10026362674386614,0.4020363437602609,0.9068835643557314,False
Clumpy,collection_rate_sd,count_typing,72,0.06187997589714135,0.6055926427898213,0.0771180590324293,0.5196558797820658,0.9404818982673262,False
Clumpy,collection_rate_sd,PC1,72,0.08753610372265387,0.46467275984868767,0.09745783183400188,0.4154012509754479,0.9068835643557314,False
Clumpy,collection_rate_sd,seq_typing_mean_run_explore,70,0.05597748199251061,0.6453227270620071,0.07319504131946772,0.5470572034421786,0.9443747225297665,False
Clumpy,collection_rate_sd,seq_typing_entropy,72,0.019098086573200338,0.873486906823435,-0.000916774616731641,0.993901872141183,0.9784752143430504,False
Clumpy,path_length_mean,count_time,72,-0.11180939613483167,0.3497541384467736,-0.14506574018514762,0.22405191287918275,0.9068835643557314,False
Clumpy,path_length_mean,count_topic,72,-0.0622367434964683,0.6035112879525046,-0.02638091884876427,0.8258944563404483,0.9404818982673262,False
Clumpy,path_length_mean,count_typing,72,-0.03564071119638916,0.7662961983539114,-0.028864047556377104,0.8098006299556435,0.9643538331354592,False
Clumpy,path_length_mean,PC1,72,-0.07716637143874926,0.5193935407743719,-0.047756106343340314,0.6903652721017239,0.9068835643557314,False
Clumpy,path_length_mean,seq_typing_mean_run_explore,70,-0.10951291443761087,0.3668064684681769,-0.15994212262455185,0.18596519697472205,0.9068835643557314,False
Clumpy,path_length_mean,seq_typing_entropy,72,0.004741232934888954,0.9684703795751578,-0.008122301428938222,0.9460125813694789,0.9809282801167984,False
Clumpy,path_length_sd,count_time,72,-0.17006250804399933,0.15323431260826312,-0.24692627277156723,0.03652197805044715,0.9068835643557314,False
Clumpy,path_length_sd,count_topic,72,-0.07806460668381071,0.5145282849801562,-0.11433345012987375,0.33891405255669144,0.9068835643557314,False
Clumpy,path_length_sd,count_typing,72,-0.0579994120437722,0.6284313951942213,-0.10864924930518366,0.3636258362077827,0.9404818982673262,False
Clumpy,path_length_sd,PC1,72,-0.10528788266631002,0.3787447233190119,-0.14360598846881223,0.2287981635549729,0.9068835643557314,False
Clumpy,path_length_sd,seq_typing_mean_run_explore,70,-0.11932353808085956,0.3251757576396943,-0.21415028256701757,0.07504922857645586,0.9068835643557314,False
Clumpy,path_length_sd,seq_typing_entropy,72,0.035471274943101566,0.7673758035438933,0.046964594400989323,0.6952432237313507,0.9643538331354592,False
Clumpy,coverage_entropy_mean,count_time,72,-0.005129406835831766,0.9658904695290935,0.0019778744191537782,0.9868441915474218,0.9809282801167984,False
Clumpy,coverage_entropy_mean,count_topic,72,0.1345020378068463,0.25997894005110933,0.1048944057711416,0.380538928134518,0.9068835643557314,False
Clumpy,coverage_entropy_mean,count_typing,72,0.17262561189399867,0.1470440465806857,0.1823474750386998,0.1252574191271666,0.9068835643557314,False
Clumpy,coverage_entropy_mean,PC1,72,0.126778511406135,0.288593003222447,0.1111093248594214,0.3527984583514979,0.9068835643557314,False
Clumpy,coverage_entropy_mean,seq_typing_mean_run_explore,70,-0.007420606925940515,0.951384547702433,-0.018303143266472886,0.8804566611622037,0.9809282801167984,False
Clumpy,coverage_entropy_mean,seq_typing_entropy,72,0.08752970279082536,0.46470553980013296,0.01248100179971497,0.917125426452887,0.9068835643557314,False
Clumpy,coverage_entropy_sd,count_time,72,0.033366938672803624,0.7808203111314871,0.0018806019067363795,0.9874911453137699,0.9643538331354592,False
Clumpy,coverage_entropy_sd,count_topic,72,0.12182059951915575,0.3080160203444579,0.12219125286953628,0.3065353614712387,0.9068835643557314,False
Clumpy,coverage_entropy_sd,count_typing,72,-0.05890046811926796,0.6230961274541986,-0.05378465097381607,0.6536367967602082,0.9404818982673262,False
Clumpy,coverage_entropy_sd,PC1,72,0.09140934500869838,0.4450698347155889,0.08740814615568954,0.46532828496835577,0.9068835643557314,False
Clumpy,coverage_entropy_sd,seq_typing_mean_run_explore,70,0.06163650054565492,0.612235495583441,-0.02238804018322402,0.8540431671684305,0.9404818982673262,False
Clumpy,coverage_entropy_sd,seq_typing_entropy,72,-0.1024281970390061,0.3919004491434207,-0.03850453390272891,0.748117325095848,0.9068835643557314,False
Clumpy,heading_variability_mean,count_time,72,0.008028002490766836,0.9466384482631992,-0.004506959742006151,0.970027581304749,0.9809282801167984,False
Clumpy,heading_variability_mean,count_topic,72,-0.12687457968413138,0.2882248095911699,-0.12564416824179042,0.29296396347064285,0.9068835643557314,False
Clumpy,heading_variability_mean,count_typing,72,-0.19300170711214157,0.10430668341797131,-0.17989304922608268,0.1305101096898771,0.9068835643557314,False
Clumpy,heading_variability_mean,PC1,72,-0.1233391567105977,0.30197912113927294,-0.10181537554411813,0.3947545587994201,0.9068835643557314,False
Clumpy,heading_variability_mean,seq_typing_mean_run_explore,70,0.20532227845929837,0.08816882398405734,0.16744571009394882,0.16589035409000275,0.9068835643557314,False
Clumpy,heading_variability_mean,seq_typing_entropy,72,-0.07887480742162414,0.5101598335552691,-0.08841245733638298,0.4601967472566985,0.9068835643557314,False
Clumpy,heading_variability_sd,count_time,72,0.21365439398616073,0.0715360907709576,0.14221241315423727,0.23339416917458367,0.9068835643557314,False
Clumpy,heading_variability_sd,count_topic,72,0.014797204613053156,0.9018159252646629,0.07515738226149477,0.5303586011744179,0.9809282801167984,False
Clumpy,heading_variability_sd,count_typing,72,0.12914401963203642,0.27961702175262465,0.10424764568122366,0.38349914833998194,0.9068835643557314,False
Clumpy,heading_variability_sd,PC1,72,0.07714954203524167,0.519484917764149,0.08747246414403073,0.46499872182143276,0.9068835643557314,False
Clumpy,heading_variability_sd,seq_typing_mean_run_explore,70,0.020828945202365143,0.8641072506848024,-0.002945333399202534,0.9806940611771635,0.9784752143430504,False
Clumpy,heading_variability_sd,seq_typing_entropy,72,-0.1757677677841068,0.13971287851746633,-0.09560190038338374,0.42438098396414753,0.9068835643557314,False
Clumpy,patch_leaving_distance_mean,count_time,69,0.22155065123305417,0.06732092831942768,0.09600327037946513,0.4326240349406245,0.9068835643557314,False
Clumpy,patch_leaving_distance_mean,count_topic,69,0.06589364164188294,0.5906188983951354,0.04691741729713554,0.7018558756423122,0.9404818982673262,False
Clumpy,patch_leaving_distance_mean,count_typing,69,-0.05060594624897254,0.679643429546541,-0.1810052703125086,0.13664564021073755,0.9585532739369533,False
Clumpy,patch_leaving_distance_mean,PC1,69,0.0915079205235711,0.45457697934698665,0.04892664677397513,0.6897239202269527,0.9068835643557314,False
Clumpy,patch_leaving_distance_mean,seq_typing_mean_run_explore,67,0.19303624340941153,0.11756072390033677,0.3027183386520687,0.012776169180365182,0.9068835643557314,False
Clumpy,patch_leaving_distance_mean,seq_typing_entropy,69,-0.2471961069271055,0.04058445175698458,-0.19625579824024747,0.10605086852247415,0.9068835643557314,False
Clumpy,patch_leaving_distance_sd,count_time,66,0.18100225413621657,0.14583074599296625,-0.08037876021606169,0.5211570855785892,0.9068835643557314,False
Clumpy,patch_leaving_distance_sd,count_topic,66,-0.008171327018532924,0.9480809573513426,-0.07431576796327183,0.5531613432034922,0.9809282801167984,False
Clumpy,patch_leaving_distance_sd,count_typing,66,0.08339054505789831,0.5056126153303794,-0.1423715604734361,0.25413925130943166,0.9068835643557314,False
Clumpy,patch_leaving_distance_sd,PC1,66,0.04525062278304459,0.7182648471569923,-0.07670066108313386,0.5404609020614162,0.9643538331354592,False
Clumpy,patch_leaving_distance_sd,seq_typing_mean_run_explore,65,-0.041444354016907374,0.7430684495851627,0.12496600084664432,0.3212687129246103,0.9643538331354592,False
Clumpy,patch_leaving_distance_sd,seq_typing_entropy,66,-0.021026331149881564,0.8669188732670258,-0.01797832654965011,0.8860710231670249,0.9784752143430504,False
Clumpy,levy_alpha_mean,count_time,72,-0.09630299297036339,0.4209758458196369,-0.08106107867541384,0.4984672967063166,0.9068835643557314,False
Clumpy,levy_alpha_mean,count_topic,72,-0.08388080132993339,0.4835954259677933,-0.06767123126688718,0.5722043558749024,0.9068835643557314,False
Clumpy,levy_alpha_mean,count_typing,72,-0.12622747134587317,0.2907109230157311,-0.05228787157735232,0.6626837136351179,0.9068835643557314,False
Clumpy,levy_alpha_mean,PC1,72,-0.10361335975323377,0.3864156320323551,-0.06845096937867107,0.5677751424337214,0.9068835643557314,False
Clumpy,levy_alpha_mean,seq_typing_mean_run_explore,70,0.04163826944524574,0.7321653306972231,0.0006486802924530078,0.9957476735468531,0.9643538331354592,False
Clumpy,levy_alpha_mean,seq_typing_entropy,72,-0.0933695561750275,0.43532761342073917,0.009698588387364983,0.9355558027417108,0.9068835643557314,False
Clumpy,levy_alpha_sd,count_time,72,0.03580964671086431,0.7652202255803693,0.051343674470983744,0.6684156536818748,0.9643538331354592,False
Clumpy,levy_alpha_sd,count_topic,72,0.013583800787550969,0.909832113700649,0.03588450368174418,0.7647435931279332,0.9809282801167984,False
Clumpy,levy_alpha_sd,count_typing,72,0.00290796819397652,0.9806586798254553,0.073485508829756,0.5395705285459166,0.986137219936212,False
Clumpy,levy_alpha_sd,PC1,72,0.018624043015279416,0.8766022239964248,0.04080976360249081,0.7335826345896636,0.9784752143430504,False
Clumpy,levy_alpha_sd,seq_typing_mean_run_explore,70,-0.0873677365280105,0.47202618824826514,-0.13441589983146326,0.26725835945797327,0.9068835643557314,False
Clumpy,levy_alpha_sd,seq_typing_entropy,72,0.10865693979434952,0.3635916748735643,0.08064399874197276,0.5006870922804414,0.9068835643557314,False
Diffuse,explore_dur_mean_mean,count_time,60,-0.013483832185438152,0.9185560133144066,-0.023733047396312466,0.8571576473555609,0.9690647495399429,False
Diffuse,explore_dur_mean_mean,count_topic,60,0.0631651211693688,0.6316101423639711,0.011861682182634175,0.9283265289143666,0.9690647495399429,False
Diffuse,explore_dur_mean_mean,count_typing,60,-0.05437934697969232,0.6798517862569868,-0.07693697032028542,0.5590306836457509,0.9690647495399429,False
Diffuse,explore_dur_mean_mean,PC1,60,0.03601662400719971,0.7846967917873051,-0.019370258446758326,0.8832118722197646,0.9690647495399429,False
Diffuse,explore_dur_mean_mean,seq_typing_mean_run_explore,60,-0.12761467581473487,0.33120713685856046,-0.12031953131581273,0.3598146369930345,0.8960796658866635,False
Diffuse,explore_dur_mean_mean,seq_typing_entropy,60,0.0718845628314027,0.5851971126177181,0.0794595331161777,0.546176867990515,0.9690647495399429,False
Diffuse,explore_dur_mean_sd,count_time,60,0.08408729356927527,0.5229734570758745,0.05783886186318755,0.6606896622764326,0.9690647495399429,False
Diffuse,explore_dur_mean_sd,count_topic,60,0.14427474820599295,0.27141719687148474,0.11610627480583785,0.37700426578797747,0.8960796658866635,False
Diffuse,explore_dur_mean_sd,count_typing,60,0.07210671624948117,0.5840350215721235,0.16210175915338018,0.2159294618807376,0.9690647495399429,False
Diffuse,explore_dur_mean_sd,PC1,60,0.13545183829025148,0.30211923883794234,0.11505273437949455,0.38137842103998765,0.8960796658866635,False
Diffuse,explore_dur_mean_sd,seq_typing_mean_run_explore,60,0.15462647666208731,0.23814075708763321,0.04848421985159004,0.7129676334306754,0.8960796658866635,False
Diffuse,explore_dur_mean_sd,seq_typing_entropy,60,-0.04322762989189894,0.7429498927577997,-0.012844574628805195,0.9224050331094892,0.9690647495399429,False
Diffuse,explore_dur_median_mean,count_time,60,-0.016087047797353024,0.9029019562741524,-0.02830302580812455,0.8300281707569457,0.9690647495399429,False
Diffuse,explore_dur_median_mean,count_topic,60,0.06405815655347914,0.6267868377428408,0.0068716913231946525,0.9584420168246248,0.9690647495399429,False
Diffuse,explore_dur_median_mean,count_typing,60,-0.06115066017981732,0.6425462916362421,-0.08689819370000515,0.5091245021690619,0.9690647495399429,False
Diffuse,explore_dur_median_mean,PC1,60,0.03515148038503885,0.7897487800672099,-0.024567157054425193,0.8521927485529005,0.9690647495399429,False
Diffuse,explore_dur_median_mean,seq_typing_mean_run_explore,60,-0.12882528045533873,0.3266024094506715,-0.12779591304376028,0.33051518231166316,0.8960796658866635,False
Diffuse,explore_dur_median_mean,seq_typing_entropy,60,0.06707968829675694,0.6105833249217407,0.06411255541144359,0.626493527097233,0.9690647495399429,False
Diffuse,explore_dur_median_sd,count_time,60,0.0730933000740637,0.5788868594176808,0.04982048353411743,0.7054122128502486,0.9690647495399429,False
Diffuse,explore_dur_median_sd,count_topic,60,0.1274041186383242,0.3320121782791642,0.11819702405204141,0.36841346252534196,0.8960796658866635,False
Diffuse,explore_dur_median_sd,count_typing,60,0.076312689182116,0.5622336654918201,0.1760359264755632,0.17849030818821746,0.9690647495399429,False
Diffuse,explore_dur_median_sd,PC1,60,0.12107763360839227,0.35677336986375896,0.1145802956151343,0.38334973207229256,0.8960796658866635,False
Diffuse,explore_dur_median_sd,seq_typing_mean_run_explore,60,0.14489270117830272,0.26934781908578326,0.05570942867872572,0.672459837694365,0.8960796658866635,False
Diffuse,explore_dur_median_sd,seq_typing_entropy,60,-0.02112976111392053,0.8726878546512181,0.03277868720208079,0.803648313989911,0.9690647495399429,False
Diffuse,exploit_dur_mean_mean,count_time,49,-0.07517490345838093,0.6076945524464107,0.06307615927403212,0.6667854099863236,0.9690647495399429,False
Diffuse,exploit_dur_mean_mean,count_topic,49,0.03571545119890064,0.8075159926337703,0.12016251401097744,0.4108439230330552,0.9690647495399429,False
Diffuse,exploit_dur_mean_mean,count_typing,49,0.0741263674860715,0.6127255595874156,0.12666023761700257,0.38581407582180943,0.9690647495399429,False
Diffuse,exploit_dur_mean_mean,PC1,49,0.01996499487616439,0.8916942882063836,0.1269582093765898,0.3846883214018808,0.9690647495399429,False
Diffuse,exploit_dur_mean_mean,seq_typing_mean_run_explore,49,0.14490920337575797,0.32049826631525485,0.09309533171916698,0.5246275964165545,0.8960796658866635,False
Diffuse,exploit_dur_mean_mean,seq_typing_entropy,49,-0.1527184168021646,0.2948265492476737,-0.23239315517055437,0.1080889797364486,0.8960796658866635,False
Diffuse,exploit_dur_mean_sd,count_time,40,0.01995489416843294,0.9027280382963176,0.14930100316112382,0.3578403801363502,0.9690647495399429,False
Diffuse,exploit_dur_mean_sd,count_topic,40,0.15925097327103585,0.3263284308445862,0.2948544582617005,0.06474844169816342,0.8960796658866635,False
Diffuse,exploit_dur_mean_sd,count_typing,40,0.12327956428898305,0.4485333808115797,0.02376766282452,0.8842579394016369,0.8960796658866635,False
Diffuse,exploit_dur_mean_sd,PC1,40,0.14085981515279355,0.3859638158270997,0.25350659349416055,0.11447786428206382,0.8960796658866635,False
Diffuse,exploit_dur_mean_sd,seq_typing_mean_run_explore,40,0.1283540676541866,0.4299286222549773,0.25428127187568295,0.11333708482126341,0.8960796658866635,False
Diffuse,exploit_dur_mean_sd,seq_typing_entropy,40,-0.1865446401411251,0.24909440898212598,-0.40685295228196117,0.009177888598787596,0.8960796658866635,False
Diffuse,exploit_dur_median_mean,count_time,49,-0.06716586720097018,0.6465629909226895,0.06235587686796651,0.6703719115978833,0.9690647495399429,False
Diffuse,exploit_dur_median_mean,count_topic,49,0.047756649975785465,0.7445358834700757,0.12118648089645659,0.4068387550272993,0.9690647495399429,False
Diffuse,exploit_dur_median_mean,count_typing,49,0.07251969064377518,0.6204689187723812,0.12182865349133347,0.404338490378356,0.9690647495399429,False
Diffuse,exploit_dur_median_mean,PC1,49,0.03051116120994858,0.8351407937538563,0.1267540964997786,0.3854592616932681,0.9690647495399429,False
Diffuse,exploit_dur_median_mean,seq_typing_mean_run_explore,49,0.17463226477100618,0.23009399314937518,0.10292718193373246,0.48158028924094787,0.8960796658866635,False
Diffuse,exploit_dur_median_mean,seq_typing_entropy,49,-0.16573238848888644,0.25509149712401835,-0.22432678467034617,0.12124403501727374,0.8960796658866635,False
Diffuse,exploit_dur_median_sd,count_time,40,0.03213444503131724,0.8439510497091021,0.1527092695617582,0.3468455439685798,0.9690647495399429,False
Diffuse,exploit_dur_median_sd,count_topic,40,0.17079231591350214,0.2920206341090353,0.29023852584801896,0.06925516558373668,0.8960796658866635,False
Diffuse,exploit_dur_median_sd,count_typing,40,0.121186221922823,0.45633410959684206,0.023194948057664096,0.8870287174161778,0.8960796658866635,False
Diffuse,exploit_dur_median_sd,PC1,40,0.15180664415062745,0.34973705147360684,0.2531313061610826,0.11503361530256416,0.8960796658866635,False
Diffuse,exploit_dur_median_sd,seq_typing_mean_run_explore,40,0.15617933767904751,0.3358659743780804,0.24551295215583188,0.12676073881705646,0.8960796658866635,False
Diffuse,exploit_dur_median_sd,seq_typing_entropy,40,-0.20698054545396136,0.20002532047438892,-0.4414927167932772,0.004346688099984661,0.8960796658866635,False
Diffuse,pct_time_exploit_mean,count_time,60,-2.2547799776360955e-05,0.9998635773882689,0.06378154189571192,0.6282791917570462,0.9998635773882689,False
Diffuse,pct_time_exploit_mean,count_topic,60,0.015171851729611765,0.908401474373532,0.09344984476735514,0.47758716291633674,0.9690647495399429,False
Diffuse,pct_time_exploit_mean,count_typing,60,0.112391335600719,0.3925624791063843,0.1306033724950604,0.31991297566256377,0.8960796658866635,False
Diffuse,pct_time_exploit_mean,PC1,60,0.02656690768792999,0.8403131244668085,0.11189364590618804,0.3946752116818506,0.9690647495399429,False
Diffuse,pct_time_exploit_mean,seq_typing_mean_run_explore,60,0.1952699683507214,0.1348697223128974,0.13702890807329451,0.29647246433973384,0.7831145166555333,False
Diffuse,pct_time_exploit_mean,seq_typing_entropy,60,-0.09981069152326412,0.4479935364340929,-0.15349266597982478,0.2416420414472512,0.8960796658866635,False
Diffuse,pct_time_exploit_sd,count_time,60,0.05164542765311726,0.6951393837245768,0.08487332162312988,0.5190819130495041,0.9690647495399429,False
Diffuse,pct_time_exploit_sd,count_topic,60,0.12214171951208447,0.35253129049433574,0.14573925521467834,0.26653006994648326,0.8960796658866635,False
Diffuse,pct_time_exploit_sd,count_typing,60,0.10919655810492387,0.4062405541214528,0.14253075110783944,0.2773145047612167,0.8960796658866635,False
Diffuse,pct_time_exploit_sd,PC1,60,0.11679202389357526,0.3741733874336179,0.14788136311218922,0.2594885617992605,0.8960796658866635,False
Diffuse,pct_time_exploit_sd,seq_typing_mean_run_explore,60,0.14279048872707167,0.27643085944922996,0.09905704198069483,0.4514459559939014,0.8960796658866635,False
Diffuse,pct_time_exploit_sd,seq_typing_entropy,60,-0.10174503156457072,0.4391996619116863,-0.15234927947815824,0.24520846380975372,0.8960796658866635,False
Diffuse,n_transitions_mean,count_time,60,0.060470709427867045,0.6462548752401428,0.07475839253447096,0.5702455374401808,0.9690647495399429,False
Diffuse,n_transitions_mean,count_topic,60,-0.0708375235288973,0.5906882377688207,-0.016887433858535555,0.8980960520579728,0.9690647495399429,False
Diffuse,n_transitions_mean,count_typing,60,0.11554083484881814,0.3793481364721306,0.11248175230612464,0.3921793710011953,0.8960796658866635,False
Diffuse,n_transitions_mean,PC1,60,-0.022537675358521567,0.8642824596182905,0.0230244751774409,0.8613796414283321,0.9690647495399429,False
Diffuse,n_transitions_mean,seq_typing_mean_run_explore,60,0.02202549150389646,0.8673385706872162,0.06284366608233288,0.6333500877028312,0.9690647495399429,False
Diffuse,n_transitions_mean,seq_typing_entropy,60,-0.046176266014653855,0.7260815737093693,-0.03703902563814576,0.7787378833696195,0.9690647495399429,False
Diffuse,n_transitions_sd,count_time,60,0.06365299962451881,0.6289731900348706,0.1091056994295158,0.4066335625442282,0.9690647495399429,False
Diffuse,n_transitions_sd,count_topic,60,-0.019712074166545107,0.8811657586114625,0.027898410110338192,0.8324226916220254,0.9690647495399429,False
Diffuse,n_transitions_sd,count_typing,60,0.12740466263660621,0.3320100967783386,0.1660022066822996,0.2049355927341822,0.8960796658866635,False
Diffuse,n_transitions_sd,PC1,60,0.017493252780701993,0.8944608322160383,0.05903111913433756,0.6541348994891203,0.9690647495399429,False
Diffuse,n_transitions_sd,seq_typing_mean_run_explore,60,0.00806229125078216,0.9512497037006681,0.020826624352496072,0.8744994783498055,0.9784282666635442,False
Diffuse,n_transitions_sd,seq_typing_entropy,60,-0.013341374923496026,0.9194136018460488,-0.033131558856099655,0.8015772898789976,0.9690647495399429,False
Diffuse,total_collected_mean,count_time,60,0.029758716615406498,0.8214262307811513,0.10244338749306205,0.43604868949759135,0.9690647495399429,False
Diffuse,total_collected_mean,count_topic,60,-0.012250710820229705,0.9259823218566774,0.04778656479380815,0.716923251311415,0.9690647495399429,False
Diffuse,total_collected_mean,count_typing,60,-0.010284856338553923,0.9378341588720552,-0.02175534611269134,0.8689512618744728,0.9701732677986779,False
Diffuse,total_collected_mean,PC1,60,-0.003623439839065063,0.9780795214619896,0.050737930537825375,0.700241118832448,0.9893038000581739,False
Diffuse,total_collected_mean,seq_typing_mean_run_explore,60,-0.13319623711949613,0.3103158491625269,0.08376989373343514,0.5245489949282656,0.8960796658866635,False
Diffuse,total_collected_mean,seq_typing_entropy,60,-0.049882722268331396,0.7050609882723877,-0.04307085343829064,0.7438502218089286,0.9690647495399429,False
Diffuse,total_collected_sd,count_time,60,0.15017911949049936,0.2520760770876384,0.12776668899791643,0.330626696581438,0.8960796658866635,False
Diffuse,total_collected_sd,count_topic,60,0.39037482588181904,0.002045322729879095,0.3084959399501781,0.016478437129933868,0.18407904568911856,False
Diffuse,total_collected_sd,count_typing,60,0.2787919623704392,0.031001555805636193,0.26412165638861457,0.041429292577646784,0.3487675028134072,False
Diffuse,total_collected_sd,PC1,60,0.36025459997249026,0.004692326791976776,0.30675060048257197,0.01713123817572249,0.21115470563895491,False
Diffuse,total_collected_sd,seq_typing_mean_run_explore,60,0.2504304165831762,0.05361991003795505,0.28211571302138994,0.028972532980674075,0.45959922889675753,False
Diffuse,total_collected_sd,seq_typing_entropy,60,-0.0981390125425864,0.4556711176255649,-0.22011847593634493,0.09103557821331038,0.8960796658866635,False
Diffuse,time_to_first_resource_mean,count_time,60,0.10632302985639609,0.4187766247162754,0.05633970318120484,0.6689677625958041,0.8960796658866635,False
Diffuse,time_to_first_resource_mean,count_topic,60,0.06971931811060009,0.5965779476574283,-0.030176900029850757,0.8189589238726623,0.9690647495399429,False
Diffuse,time_to_first_resource_mean,count_typing,60,-0.28173697336014025,0.029197968023728243,-0.28856330292019994,0.025353047299399904,0.3487675028134072,False
Diffuse,time_to_first_resource_mean,PC1,60,0.03714240679770545,0.7781360407276443,-0.046160687632805716,0.7261703622598463,0.9690647495399429,False
Diffuse,time_to_first_resource_mean,seq_typing_mean_run_explore,60,0.22673526830758844,0.08148991859046179,0.13283131193142644,0.3116552571178496,0.5432661239364118,False
Diffuse,time_to_first_resource_mean,seq_typing_entropy,60,-0.10778367088092587,0.41237693931911895,0.09030250649452246,0.49260602423801114,0.8960796658866635,False
Diffuse,time_to_first_resource_sd,count_time,60,0.025189655360479485,0.8484911334935471,-0.08666016578725771,0.5102899403400019,0.9690647495399429,False
Diffuse,time_to_first_resource_sd,count_topic,60,0.09985797994585834,0.44777739944530937,-0.09715014830692555,0.4602464294631284,0.8960796658866635,False
Diffuse,time_to_first_resource_sd,count_typing,60,-0.2613575512741311,0.0436863027855829,-0.2814077457571635,0.029395124699333964,0.43686302785582903,False
Diffuse,time_to_first_resource_sd,PC1,60,0.043568660370487136,0.7409926211702442,-0.13978629321953084,0.28676579723488127,0.9690647495399429,False
Diffuse,time_to_first_resource_sd,seq_typing_mean_run_explore,60,0.21742214655383088,0.09516781652859696,0.03269476735676843,0.8041410426429288,0.5906967922464639,False
Diffuse,time_to_first_resource_sd,seq_typing_entropy,60,-0.019650027765339008,0.8815371122445933,0.2524709571519047,0.0516370332028854,0.9690647495399429,False
Diffuse,inter_resource_mean_mean,count_time,60,0.0002900638106118295,0.9982450069577427,-0.08797787131686016,0.5038552580547433,0.9998635773882689,False
Diffuse,inter_resource_mean_mean,count_topic,60,0.05479025358340844,0.6775649259888086,-0.036518420167022225,0.7817705919252624,0.9690647495399429,False
Diffuse,inter_resource_mean_mean,count_typing,60,0.04109051408485792,0.7552518258545828,0.06927352837769625,0.5989332075573818,0.9690647495399429,False
Diffuse,inter_resource_mean_mean,PC1,60,0.04607190094197401,0.7266764678897907,-0.03265385577195799,0.8043812792310128,0.9690647495399429,False
Diffuse,inter_resource_mean_mean,seq_typing_mean_run_explore,60,0.1799990119937896,0.16875770164932175,-0.077859296666161,0.5543143821797921,0.8533986382758854,False
Diffuse,inter_resource_mean_mean,seq_typing_entropy,60,0.03634949711362559,0.7827553248290591,0.04806984747446793,0.7153161747971746,0.9690647495399429,False
Diffuse,inter_resource_mean_sd,count_time,60,0.12991681201069835,0.3224854978396601,0.1001736565376486,0.4463360439408759,0.8960796658866635,False
Diffuse,inter_resource_mean_sd,count_topic,60,0.3430526151681775,0.007289201786458568,0.25933653649908994,0.045399757836273195,0.2403806237201449,False
Diffuse,inter_resource_mean_sd,count_typing,60,0.22782089403534236,0.08000220740779544,0.2543340275792355,0.04987918995223512,0.5432661239364118,False
Diffuse,inter_resource_mean_sd,PC1,60,0.31376064920904445,0.014636628663167481,0.2559506482210495,0.0483937549367718,0.3487675028134072,False
Diffuse,inter_resource_mean_sd,seq_typing_mean_run_explore,60,0.29465839515566417,0.02228947462134389,0.2478051351793293,0.05626160792153138,0.3487675028134072,False
Diffuse,inter_resource_mean_sd,seq_typing_entropy,60,-0.03874708021030334,0.7688111133514179,-0.14062307028678936,0.2838619544084938,0.9690647495399429,False
Diffuse,collection_rate_mean,count_time,60,0.029372355152903682,0.8237073168688336,0.10365015623276992,0.43063379596109586,0.9690647495399429,False
Diffuse,collection_rate_mean,count_topic,60,-0.011671971974074555,0.9294699048692034,0.04686065977157585,0.7221844434355459,0.9690647495399429,False
Diffuse,collection_rate_mean,count_typing,60,-0.012473332282867507,0.9246411306160304,-0.0276129222087253,0.8341131256932739,0.9690647495399429,False
Diffuse,collection_rate_mean,PC1,60,-0.0035850788094848457,0.9783115356130831,0.04968944180447736,0.7061519051510413,0.9893038000581739,False
Diffuse,collection_rate_mean,seq_typing_mean_run_explore,60,-0.13366961086947143,0.30858391812078945,0.0846381605464466,0.5202446427768762,0.8960796658866635,False
Diffuse,collection_rate_mean,seq_typing_entropy,60,-0.04891186868322572,0.7105466208022367,-0.046540731447229214,0.7240053383426284,0.9690647495399429,False
Diffuse,collection_rate_sd,count_time,60,0.15006560842154246,0.25243884845011855,0.12408861008553954,0.344850694916348,0.8960796658866635,False
Diffuse,collection_rate_sd,count_topic,60,0.3938718053397871,0.0018478924755306067,0.3069777426559151,0.01704505020928398,0.18407904568911856,False
Diffuse,collection_rate_sd,count_typing,60,0.28074216425017406,0.029797113101901904,0.26242208804119505,0.042805375170685965,0.3487675028134072,False
Diffuse,collection_rate_sd,PC1,60,0.36307282662517226,0.004355685635347664,0.3046396314657051,0.017950198370721284,0.21115470563895491,False
Diffuse,collection_rate_sd,seq_typing_mean_run_explore,60,0.2505269433842717,0.05352473609976477,0.28301059286212943,0.028445669135518027,0.45959922889675753,False
Diffuse,collection_rate_sd,seq_typing_entropy,60,-0.09656307973676516,0.46297449404144286,-0.21655063156658802,0.09653428402831364,0.8960796658866635,False
Diffuse,path_length_mean,count_time,60,0.051070049735913434,0.698372480059178,-0.02792414271242598,0.8322703604112321,0.9690647495399429,False
Diffuse,path_length_mean,count_topic,60,-0.23174419274590305,0.07480423765711258,-0.17818758908977564,0.1731569650683578,0.5432661239364118,False
Diffuse,path_length_mean,count_typing,60,-0.017518319264596613,0.8943104666126649,0.06745726216869478,0.6085712995605029,0.9690647495399429,False
Diffuse,path_length_mean,PC1,60,-0.16149385386466808,0.21767946955323264,-0.13747968042883082,0.2948711726807971,0.8960796658866635,False
Diffuse,path_length_mean,seq_typing_mean_run_explore,60,-0.18294803730409456,0.16177125017309862,-0.20049257081322072,0.12454277907765611,0.8533986382758854,False
Diffuse,path_length_mean,seq_typing_entropy,60,0.13918885030096412,0.28885099549319554,0.05315763352873492,0.6866680041784969,0.8960796658866635,False
Diffuse,path_length_sd,count_time,60,-0.09004188814812691,0.49386063123431795,-0.010737898251866615,0.935101554745981,0.9373773389677323,False
Diffuse,path_length_sd,count_topic,60,-0.33923241720335806,0.008012687457338163,-0.22764077792664392,0.08024753525087135,0.2403806237201449,False
Diffuse,path_length_sd,count_typing,60,-0.09746577049286448,0.4587833845559615,0.02233439853881481,0.8654951426333953,0.8960796658866635,False
Diffuse,path_length_sd,PC1,60,-0.2839649294580242,0.027892679289712407,-0.1755248962176057,0.17977430892093305,0.3487675028134072,False
Diffuse,path_length_sd,seq_typing_mean_run_explore,60,-0.23520778040273735,0.07044192756488338,-0.13582834663831525,0.3007648415828907,0.5432661239364118,False
Diffuse,path_length_sd,seq_typing_entropy,60,0.16740550861592665,0.20107890411982104,0.15449632297028243,0.2385408986508281,0.8960796658866635,False
Diffuse,coverage_entropy_mean,count_time,60,-0.03541476416283587,0.7882104181413193,0.009251974995080898,0.9440667859154473,0.9690647495399429,False
Diffuse,coverage_entropy_mean,count_topic,60,-0.0978616940097378,0.45695170369347765,-0.0854419525281856,0.5162757868362722,0.8960796658866635,False
Diffuse,coverage_entropy_mean,count_typing,60,-0.059315929788514646,0.6525728871369819,-0.093707984720669,0.4763662604914977,0.9690647495399429,False
Diffuse,coverage_entropy_mean,PC1,60,-0.08835174986902583,0.5020371429031217,-0.09134742461483057,0.48759258428742547,0.9413196429433532,False
Diffuse,coverage_entropy_mean,seq_typing_mean_run_explore,60,-0.3019943952648321,0.019023369824968026,-0.12165689457582518,0.3544602214665391,0.3487675028134072,False
Diffuse,coverage_entropy_mean,seq_typing_entropy,60,0.015730468585032818,0.9050441565816039,-0.023325969942786927,0.8595827205016007,0.9690647495399429,False
Diffuse,coverage_entropy_sd,count_time,60,-0.03502643741805138,0.7904796836692449,-0.018924494308120016,0.8858813609407908,0.9690647495399429,False
Diffuse,coverage_entropy_sd,count_topic,60,0.11333951033974957,0.3885559283295512,0.1397735562728622,0.28681014826155543,0.8960796658866635,False
Diffuse,coverage_entropy_sd,count_typing,60,0.10482063522722325,0.4254182356634978,0.17325476884302976,0.18555901081095869,0.8960796658866635,False
Diffuse,coverage_entropy_sd,PC1,60,0.08986213430924524,0.4947269288996365,0.12572429235092594,0.3384788433576539,0.9373773389677323,False
Diffuse,coverage_entropy_sd,seq_typing_mean_run_explore,60,0.08143319824509795,0.5362205015310555,0.0646921207340836,0.6233721743284026,0.9690647495399429,False
Diffuse,coverage_entropy_sd,seq_typing_entropy,60,0.04668558501836933,0.7231807047616009,-0.07378679884166447,0.5752805376796962,0.9690647495399429,False
Diffuse,heading_variability_mean,count_time,60,-0.10082124816445898,0.4433872561315091,-0.01471905112853779,0.9111240031967069,0.8960796658866635,False
Diffuse,heading_variability_mean,count_topic,60,-0.028861783630312315,0.8267239649838216,0.03236479833123115,0.80607916253091,0.9690647495399429,False
Diffuse,heading_variability_mean,count_typing,60,-0.03871693990015013,0.7689859666351079,-0.0012203038591728549,0.9926168083699265,0.9690647495399429,False
Diffuse,heading_variability_mean,PC1,60,-0.0496553187715613,0.7063445641126467,0.03240374113200257,0.8058503658424494,0.9690647495399429,False
Diffuse,heading_variability_mean,seq_typing_mean_run_explore,60,0.13507323756548836,0.3034851419582447,0.11791875564595575,0.36954995989505984,0.8960796658866635,False
Diffuse,heading_variability_mean,seq_typing_entropy,60,-0.11963375803834783,0.362579357623245,-0.1238027939871635,0.3459716980344673,0.8960796658866635,False
Diffuse,heading_variability_sd,count_time,60,-0.02830697067928767,0.8300048324873823,-0.058679950499103996,0.6560628767657392,0.9690647495399429,False
Diffuse,heading_variability_sd,count_topic,60,0.2828341764936528,0.02854889405478951,0.200126517846605,0.12524642005183934,0.3487675028134072,False
Diffuse,heading_variability_sd,count_typing,60,0.0523290014496096,0.6913053355565701,0.08471179115420865,0.5198804432665891,0.9690647495399429,False
Diffuse,heading_variability_sd,PC1,60,0.20912406792386018,0.10880694423289261,0.15954534977600923,0.22335557335643386,0.6528416653973557,False
Diffuse,heading_variability_sd,seq_typing_mean_run_explore,60,0.1719516111893784,0.1889396427934096,0.13423824276516183,0.3065117128393469,0.8960796658866635,False
Diffuse,heading_variability_sd,seq_typing_entropy,60,-0.049288066730763636,0.7084192303447593,-0.10926229067360264,0.40595636618759123,0.9690647495399429,False
Diffuse,patch_leaving_distance_mean,count_time,48,-0.20440737692033625,0.16343532880946018,-0.20196292871654906,0.16863913508785003,0.8533986382758854,False
Diffuse,patch_leaving_distance_mean,count_topic,48,-0.1727438561216892,0.24035145022043003,-0.15725355926919077,0.2857801182558791,0.8960796658866635,False
Diffuse,patch_leaving_distance_mean,count_typing,48,-0.2015229363038472,0.16958842717061284,-0.22138714519397107,0.1304782241760364,0.8533986382758854,False
Diffuse,patch_leaving_distance_mean,PC1,48,-0.2010193243465357,0.17067972765517708,-0.19575484760980674,0.18239333849767553,0.8533986382758854,False
Diffuse,patch_leaving_distance_mean,seq_typing_mean_run_explore,48,0.047557800040616036,0.7482205977058467,0.09474065590180816,0.5218322054263838,0.9690647495399429,False
Diffuse,patch_leaving_distance_mean,seq_typing_entropy,48,-0.14229411175899295,0.33465652812061564,-0.09521225342918951,0.5197527349091529,0.8960796658866635,False
Diffuse,patch_leaving_distance_sd,count_time,37,-0.0710737419321939,0.6759357295793887,-0.15567542847538327,0.35754038946808064,0.9690647495399429,False
Diffuse,patch_leaving_distance_sd,count_topic,37,-0.1013703312218948,0.5505146443771255,-0.20941286079285926,0.21352298122701133,0.9690647495399429,False
Diffuse,patch_leaving_distance_sd,count_typing,37,0.006048838058013798,0.9716562721325068,-0.1600088176749209,0.3441465556650896,0.9893038000581739,False
Diffuse,patch_leaving_distance_sd,PC1,37,-0.09045237984267254,0.5944423659788475,-0.21352777621441657,0.20445737853211274,0.9690647495399429,False
Diffuse,patch_leaving_distance_sd,seq_typing_mean_run_explore,37,-0.12482455599927096,0.4616673059995835,-0.16393848091843896,0.33226929140926686,0.8960796658866635,False
Diffuse,patch_leaving_distance_sd,seq_typing_entropy,37,-0.04815444526065806,0.7771593996132397,-0.08232505050807214,0.6281020744875477,0.9690647495399429,False
Diffuse,levy_alpha_mean,count_time,60,0.03498722800118288,0.7907089083190812,0.06204430504276977,0.6376853573878443,0.9690647495399429,False
Diffuse,levy_alpha_mean,count_topic,60,0.15528353628670666,0.2361277547035941,0.17163657478500446,0.18976350121839977,0.8960796658866635,False
Diffuse,levy_alpha_mean,count_typing,60,-0.011355281918792245,0.9313788981689451,-0.00564745274361391,0.9658409697247933,0.9690647495399429,False
Diffuse,levy_alpha_mean,PC1,60,0.12089402627245766,0.3575084931593594,0.16613170196150204,0.20457752355531125,0.8960796658866635,False
Diffuse,levy_alpha_mean,seq_typing_mean_run_explore,60,0.22827574310908466,0.07938531991438327,0.20721564157515007,0.11214692469611023,0.5432661239364118,False
Diffuse,levy_alpha_mean,seq_typing_entropy,60,-0.23869749734041087,0.066254674874894,-0.2121300961423888,0.10370209770780028,0.5420837035218601,False
Diffuse,levy_alpha_sd,count_time,60,0.28501826772134975,0.027292829095897905,0.28697944257469105,0.026204850366470064,0.3487675028134072,False
Diffuse,levy_alpha_sd,count_topic,60,0.2516570623909347,0.052420642066633716,0.21685251181623355,0.09605923970722448,0.45959922889675753,False
Diffuse,levy_alpha_sd,count_typing,60,0.2711828698868923,0.036096885574185444,0.18787003599358834,0.15058804897285685,0.38220231784431646,False
Diffuse,levy_alpha_sd,PC1,60,0.2878541245661571,0.02573151516801995,0.2429168964278169,0.06146113748797518,0.3487675028134072,False
Diffuse,levy_alpha_sd,seq_typing_mean_run_explore,60,0.21780000352181508,0.09458007573987158,0.25980065562592525,0.04500146851772952,0.5906967922464639,False
Diffuse,levy_alpha_sd,seq_typing_entropy,60,-0.07751768844679184,0.5560589781364365,-0.1539124786689731,0.24034154101970426,0.9690647495399429,False
