slug,timestamp,revid,status,fetched_at
2026,2026-04-15T13:05:48.404Z,1349029181,ok,2026-04-20T11:44:10.846Z
Ancient_Greek,2026-04-14T13:30:48.715Z,1341654719,ok,2026-04-20T11:44:11.106Z
Ancient_Greek,2026-04-14T13:35:56.402Z,1341654719,ok,2026-04-20T11:44:11.367Z
Ancient_Greek,2026-04-14T13:37:11.143Z,1341654719,ok,2026-04-20T11:44:11.612Z
Ancient_Greek_art,2026-04-14T13:37:20.125Z,1346827325,ok,2026-04-20T11:44:11.865Z
Ancient_Greek_art,2026-04-14T15:43:38.059Z,1346827325,ok,2026-04-20T11:44:12.113Z
Ancient_Greek_art,2026-04-15T12:01:53.471Z,1346827325,ok,2026-04-20T11:44:12.341Z
Ancient_Greek_art,2026-04-15T12:01:56.935Z,1346827325,ok,2026-04-20T11:44:12.582Z
Ancient_Greek_art,2026-04-15T12:20:20.615Z,1346827325,ok,2026-04-20T11:44:12.834Z
Ancient_Jewish_art,2026-04-14T15:44:06.896Z,1330975805,ok,2026-04-20T11:44:13.090Z
Ancient_Society,2026-04-15T12:13:09.191Z,1334836887,ok,2026-04-20T11:44:13.329Z
Ancient_art,2026-04-14T13:23:26.068Z,1340543341,ok,2026-04-20T11:44:13.572Z
Ancient_art,2026-04-14T13:24:48.493Z,1340543341,ok,2026-04-20T11:44:13.831Z
Ancient_art,2026-04-14T13:24:51.323Z,1340543341,ok,2026-04-20T11:44:14.062Z
Ancient_art,2026-04-14T13:30:59.167Z,1340543341,ok,2026-04-20T11:44:14.314Z
Ancient_art,2026-04-14T13:35:54.008Z,1340543341,ok,2026-04-20T11:44:14.564Z
Ancient_art,2026-04-14T13:37:39.881Z,1340543341,ok,2026-04-20T11:44:14.801Z
Ancient_art,2026-04-14T13:37:53.757Z,1340543341,ok,2026-04-20T11:44:15.059Z
Ancient_art,2026-04-14T13:37:57.679Z,1340543341,ok,2026-04-20T11:44:15.310Z
Ancient_art,2026-04-14T13:43:13.928Z,1340543341,ok,2026-04-20T11:44:15.547Z
Ancient_art,2026-04-14T13:43:30.872Z,1340543341,ok,2026-04-20T11:44:15.778Z
Ancient_art,2026-04-14T13:54:09.290Z,1340543341,ok,2026-04-20T11:44:16.019Z
Ancient_art,2026-04-14T14:09:59.189Z,1340543341,ok,2026-04-20T11:44:16.271Z
Ancient_art,2026-04-14T14:10:10.304Z,1340543341,ok,2026-04-20T11:44:16.538Z
Ancient_art,2026-04-14T14:10:43.356Z,1340543341,ok,2026-04-20T11:44:16.786Z
Ancient_art,2026-04-14T14:13:53.554Z,1340543341,ok,2026-04-20T11:44:17.051Z
Ancient_art,2026-04-14T14:45:05.377Z,1340543341,ok,2026-04-20T11:44:17.312Z
Ancient_art,2026-04-14T14:46:41.012Z,1340543341,ok,2026-04-20T11:44:17.551Z
Ancient_art,2026-04-14T14:46:47.456Z,1340543341,ok,2026-04-20T11:44:17.784Z
Ancient_art,2026-04-14T14:46:53.101Z,1340543341,ok,2026-04-20T11:44:18.042Z
Ancient_art,2026-04-14T14:47:05.463Z,1340543341,ok,2026-04-20T11:44:18.273Z
Ancient_art,2026-04-14T14:50:51.208Z,1340543341,ok,2026-04-20T11:44:18.521Z
Ancient_art,2026-04-14T14:50:58.367Z,1340543341,ok,2026-04-20T11:44:18.754Z
Ancient_art,2026-04-14T14:51:24.592Z,1340543341,ok,2026-04-20T11:44:19.007Z
Ancient_art,2026-04-14T15:06:47.144Z,1340543341,ok,2026-04-20T11:44:19.250Z
Ancient_art,2026-04-14T15:14:40.542Z,1340543341,ok,2026-04-20T11:44:19.495Z
Ancient_art,2026-04-14T15:15:03.435Z,1340543341,ok,2026-04-20T11:44:19.740Z
Ancient_art,2026-04-14T15:15:24.073Z,1340543341,ok,2026-04-20T11:44:19.985Z
Ancient_art,2026-04-14T15:15:35.016Z,1340543341,ok,2026-04-20T11:44:20.238Z
Ancient_art,2026-04-14T15:15:46.116Z,1340543341,ok,2026-04-20T11:44:20.489Z
Ancient_art,2026-04-14T15:39:56.674Z,1340543341,ok,2026-04-20T11:44:20.732Z
Ancient_art,2026-04-15T11:57:46.209Z,1340543341,ok,2026-04-20T11:44:20.988Z
Ancient_art,2026-04-15T11:58:22.694Z,1340543341,ok,2026-04-20T11:44:21.348Z
Ancient_art,2026-04-15T12:00:50.242Z,1340543341,ok,2026-04-20T11:44:21.610Z
Ancient_art,2026-04-15T12:09:03.140Z,1340543341,ok,2026-04-20T11:44:21.863Z
Ancient_art,2026-04-15T12:27:34.281Z,1340543341,ok,2026-04-20T11:44:22.110Z
Ancient_art,2026-04-15T12:29:17.167Z,1340543341,ok,2026-04-20T11:44:22.368Z
Ancient_art,2026-04-15T12:34:01.159Z,1340543341,ok,2026-04-20T11:44:22.602Z
Ancient_art,2026-04-15T12:35:59.538Z,1340543341,ok,2026-04-20T11:44:22.860Z
Ancient_art,2026-04-15T12:52:30.001Z,1340543341,ok,2026-04-20T11:44:23.101Z
Ancient_art,2026-04-15T12:53:50.708Z,1340543341,ok,2026-04-20T11:44:23.351Z
Ancient_art,2026-04-15T13:00:14.784Z,1340543341,ok,2026-04-20T11:44:23.603Z
Ancient_art,2026-04-15T13:01:51.663Z,1340543341,ok,2026-04-20T11:44:23.862Z
Ancient_art,2026-04-15T13:03:36.085Z,1340543341,ok,2026-04-20T11:44:24.114Z
Ancient_art,2026-04-15T13:04:08.773Z,1340543341,ok,2026-04-20T11:44:24.369Z
Ancient_art,2026-04-15T13:04:12.690Z,1340543341,ok,2026-04-20T11:44:24.635Z
Ancient_art,2026-04-15T13:04:23.859Z,1340543341,ok,2026-04-20T11:44:24.897Z
Ancient_art,2026-04-15T13:04:34.853Z,1340543341,ok,2026-04-20T11:44:25.136Z
Ancient_art,2026-04-15T13:04:52.186Z,1340543341,ok,2026-04-20T11:44:25.365Z
Ancient_art,2026-04-15T13:06:51.163Z,1340543341,ok,2026-04-20T11:44:25.601Z
Ancient_art,2026-04-15T13:07:23.795Z,1340543341,ok,2026-04-20T11:44:25.859Z
Ancient_art,2026-04-15T13:10:22.280Z,1340543341,ok,2026-04-20T11:44:26.106Z
Ancient_art,2026-04-15T13:15:05.847Z,1340543341,ok,2026-04-20T11:44:26.345Z
Ancient_art,2026-04-15T13:16:57.232Z,1340543341,ok,2026-04-20T11:44:26.587Z
Ancient_history,2026-04-14T13:54:36.370Z,1348686066,ok,2026-04-20T11:44:26.837Z
Antiquities_trade,2026-04-14T15:32:39.172Z,1343571049,ok,2026-04-20T11:44:27.094Z
Aquatic_plant,2026-04-14T14:41:55.710Z,1346764558,ok,2026-04-20T11:44:27.353Z
Aquatic_plants,2026-04-14T13:18:30.751Z,1346764558,ok,2026-04-20T11:44:27.583Z
Aquatic_plants,2026-04-14T13:41:00.816Z,1346764558,ok,2026-04-20T11:44:27.827Z
Aquatic_plants,2026-04-15T12:37:17.805Z,1346764558,ok,2026-04-20T11:44:28.085Z
Aquatic_plants,2026-04-15T12:50:53.410Z,1346764558,ok,2026-04-20T11:44:28.317Z
Art,2026-04-14T13:26:39.590Z,1346743285,ok,2026-04-20T11:44:28.564Z
Art,2026-04-14T13:28:17.989Z,1346743285,ok,2026-04-20T11:44:28.818Z
Art,2026-04-14T13:32:59.451Z,1346743285,ok,2026-04-20T11:44:29.065Z
Art,2026-04-14T13:38:23.188Z,1346743285,ok,2026-04-20T11:44:29.315Z
Art:21_-_Art_in_the_21st_Century,2026-04-15T13:03:23.183Z,1348493470,ok,2026-04-20T11:44:29.602Z
Art_and_Revolution,2026-04-14T14:46:22.164Z,1345317723,ok,2026-04-20T11:44:29.840Z
Art_history,2026-04-14T13:33:38.627Z,1346853612,ok,2026-04-20T11:44:30.074Z
Art_history,2026-04-15T12:53:51.384Z,1346853612,ok,2026-04-20T11:44:30.345Z
Art_of_Europe,2026-04-14T15:45:56.766Z,1347310179,ok,2026-04-20T11:44:30.613Z
Art_of_Europe,2026-04-14T15:47:29.595Z,1347310179,ok,2026-04-20T11:44:30.848Z
Art_of_Europe,2026-04-15T13:08:13.805Z,1347310179,ok,2026-04-20T11:44:31.096Z
Art_of_ancient_Egypt,2026-04-14T13:43:55.133Z,1344835397,ok,2026-04-20T11:44:31.343Z
Art_of_ancient_Egypt,2026-04-14T13:55:13.984Z,1344835397,ok,2026-04-20T11:44:31.602Z
Art_of_ancient_Egypt,2026-04-14T14:46:01.982Z,1344835397,ok,2026-04-20T11:44:31.851Z
Art_of_ancient_Egypt,2026-04-14T15:40:26.693Z,1344835397,ok,2026-04-20T11:44:32.087Z
Art_of_ancient_Egypt,2026-04-14T15:40:36.161Z,1344835397,ok,2026-04-20T11:44:32.339Z
Art_of_ancient_Egypt,2026-04-14T15:43:57.964Z,1344835397,ok,2026-04-20T11:44:32.573Z
Art_of_ancient_Egypt,2026-04-15T13:12:05.839Z,1344835397,ok,2026-04-20T11:44:32.820Z
Artificial_consciousness,2026-04-15T12:10:21.182Z,1348236111,ok,2026-04-20T11:44:33.052Z
Artificial_intelligence,2026-04-15T13:23:49.771Z,1348657292,ok,2026-04-20T11:44:33.312Z
Arts_of_Iran,2026-04-15T12:17:09.905Z,1347850162,ok,2026-04-20T11:44:33.567Z
Arts_of_Iran,2026-04-15T12:17:32.163Z,1347850162,ok,2026-04-20T11:44:33.828Z
Attention,2026-04-14T13:43:26.933Z,1346893410,ok,2026-04-20T11:44:34.079Z
Biological_computer,2026-04-14T14:58:26.786Z,1342435064,ok,2026-04-20T11:44:34.329Z
Biology,2026-04-14T13:33:16.709Z,1348398146,ok,2026-04-20T11:44:34.563Z
Black_caiman,2026-04-14T14:51:54.812Z,1347803397,ok,2026-04-20T11:44:34.796Z
Boar's_tusk_helmet,2026-04-15T13:06:50.732Z,1347657246,ok,2026-04-20T11:44:35.040Z
Brain,2026-04-14T13:33:47.896Z,1347518519,ok,2026-04-20T11:44:35.297Z
Brain,2026-04-14T13:44:08.581Z,1347518519,ok,2026-04-20T11:44:35.527Z
Brain,2026-04-14T14:57:24.544Z,1347518519,ok,2026-04-20T11:44:35.755Z
Brain,2026-04-14T14:58:32.855Z,1347518519,ok,2026-04-20T11:44:36.002Z
Brain,2026-04-14T15:10:06.461Z,1347518519,ok,2026-04-20T11:44:36.236Z
Brain,2026-04-15T11:39:51.248Z,1347518519,ok,2026-04-20T11:44:36.495Z
Brain,2026-04-15T11:43:41.296Z,1347518519,ok,2026-04-20T11:44:36.760Z
Brain,2026-04-15T11:46:41.562Z,1347518519,ok,2026-04-20T11:44:37.010Z
Brain,2026-04-15T11:47:46.237Z,1347518519,ok,2026-04-20T11:44:37.254Z
Brain,2026-04-15T11:52:45.164Z,1347518519,ok,2026-04-20T11:44:37.495Z
Brain,2026-04-15T12:19:06.519Z,1347518519,ok,2026-04-20T11:44:37.750Z
Brain,2026-04-15T12:54:50.102Z,1347518519,ok,2026-04-20T11:44:38.004Z
Brain,2026-04-15T13:07:57.973Z,1347518519,ok,2026-04-20T11:44:38.246Z
Brain,2026-04-15T13:10:26.806Z,1347518519,ok,2026-04-20T11:44:38.497Z
Brain,2026-04-15T13:25:29.868Z,1347518519,ok,2026-04-20T11:44:38.751Z
Brain,2026-04-15T13:27:22.495Z,1347518519,ok,2026-04-20T11:44:38.993Z
Brain_Rules,2026-04-14T15:10:48.887Z,1316121715,ok,2026-04-20T11:44:39.250Z
Brain_Structure_and_Function,2026-04-14T14:19:38.408Z,1089120928,ok,2026-04-20T11:44:39.508Z
Brain_Structure_and_Function,2026-04-14T14:20:58.925Z,1089120928,ok,2026-04-20T11:44:39.743Z
Brain_of_Albert_Einstein,2026-04-14T15:31:06.865Z,1335674790,ok,2026-04-20T11:44:39.988Z
Brain_of_Albert_Einstein,2026-04-14T15:34:30.120Z,1335674790,ok,2026-04-20T11:44:40.240Z
Brain_of_Albert_Einstein,2026-04-14T15:36:45.180Z,1335674790,ok,2026-04-20T11:44:40.505Z
Brain_of_Albert_Einstein,2026-04-14T15:37:37.402Z,1335674790,ok,2026-04-20T11:44:40.754Z
Brain_of_Albert_Einstein,2026-04-15T11:48:56.467Z,1335674790,ok,2026-04-20T11:44:40.999Z
Brain_of_Vladimir_Lenin,2026-04-14T15:35:16.371Z,1316488781,ok,2026-04-20T11:44:41.232Z
Brain_stimulation_reward,2026-04-14T13:32:40.287Z,1330820734,ok,2026-04-20T11:44:41.476Z
Capybara,2026-04-14T13:14:25.916Z,1346474151,ok,2026-04-20T11:44:41.710Z
Capybara,2026-04-14T13:15:03.415Z,1346474151,ok,2026-04-20T11:44:41.957Z
Capybara,2026-04-14T13:18:34.082Z,1346474151,ok,2026-04-20T11:44:42.189Z
Capybara,2026-04-14T13:19:37.295Z,1346474151,ok,2026-04-20T11:44:42.443Z
Capybara,2026-04-14T13:20:05.095Z,1346474151,ok,2026-04-20T11:44:42.673Z
Capybara,2026-04-14T13:20:13.254Z,1346474151,ok,2026-04-20T11:44:42.915Z
Capybara,2026-04-14T13:21:42.131Z,1346474151,ok,2026-04-20T11:44:43.147Z
Capybara,2026-04-14T13:25:41.335Z,1346474151,ok,2026-04-20T11:44:43.396Z
Capybara,2026-04-14T13:37:50.464Z,1346474151,ok,2026-04-20T11:44:43.640Z
Capybara,2026-04-14T13:41:33.172Z,1346474151,ok,2026-04-20T11:44:43.898Z
Capybara,2026-04-14T14:06:33.549Z,1346474151,ok,2026-04-20T11:44:44.148Z
Capybara,2026-04-14T14:40:09.215Z,1346474151,ok,2026-04-20T11:44:44.416Z
Capybara,2026-04-14T14:41:29.430Z,1346474151,ok,2026-04-20T11:44:44.670Z
Capybara,2026-04-14T14:42:50.109Z,1346474151,ok,2026-04-20T11:44:44.914Z
Capybara,2026-04-14T14:43:06.974Z,1346474151,ok,2026-04-20T11:44:45.177Z
Capybara,2026-04-14T14:43:28.010Z,1346474151,ok,2026-04-20T11:44:45.409Z
Capybara,2026-04-14T14:45:52.578Z,1346474151,ok,2026-04-20T11:44:45.664Z
Capybara,2026-04-14T14:45:59.576Z,1346474151,ok,2026-04-20T11:44:45.913Z
Capybara,2026-04-14T14:51:21.072Z,1346474151,ok,2026-04-20T11:44:46.171Z
Capybara,2026-04-14T14:51:28.823Z,1346474151,ok,2026-04-20T11:44:46.429Z
Capybara,2026-04-14T14:52:18.063Z,1346474151,ok,2026-04-20T11:44:46.676Z
Capybara,2026-04-14T14:52:39.352Z,1346474151,ok,2026-04-20T11:44:46.920Z
Capybara,2026-04-14T14:53:16.866Z,1346474151,ok,2026-04-20T11:44:47.167Z
Capybara,2026-04-14T14:53:33.660Z,1346474151,ok,2026-04-20T11:44:47.418Z
Capybara,2026-04-14T15:08:40.577Z,1346474151,ok,2026-04-20T11:44:47.665Z
Capybara,2026-04-14T15:09:38.494Z,1346474151,ok,2026-04-20T11:44:47.929Z
Capybara,2026-04-14T15:21:20.352Z,1346474151,ok,2026-04-20T11:44:48.171Z
Capybara,2026-04-14T15:24:19.921Z,1346474151,ok,2026-04-20T11:44:48.412Z
Capybara,2026-04-14T15:27:20.837Z,1346474151,ok,2026-04-20T11:44:48.658Z
Capybara,2026-04-15T11:36:10.710Z,1346474151,ok,2026-04-20T11:44:48.905Z
Capybara,2026-04-15T11:37:24.658Z,1346474151,ok,2026-04-20T11:44:49.157Z
Capybara,2026-04-15T11:38:27.314Z,1346474151,ok,2026-04-20T11:44:49.410Z
Capybara,2026-04-15T11:46:24.886Z,1346474151,ok,2026-04-20T11:44:49.666Z
Capybara,2026-04-15T11:46:26.142Z,1346474151,ok,2026-04-20T11:44:49.894Z
Capybara,2026-04-15T11:55:11.545Z,1346474151,ok,2026-04-20T11:44:50.133Z
Capybara,2026-04-15T11:56:43.569Z,1346474151,ok,2026-04-20T11:44:50.390Z
Capybara,2026-04-15T12:04:59.788Z,1346474151,ok,2026-04-20T11:44:50.629Z
Capybara,2026-04-15T12:06:05.088Z,1346474151,ok,2026-04-20T11:44:50.899Z
Capybara,2026-04-15T12:15:11.877Z,1346474151,ok,2026-04-20T11:44:51.157Z
Capybara,2026-04-15T12:22:19.944Z,1346474151,ok,2026-04-20T11:44:51.440Z
Capybara,2026-04-15T12:23:02.437Z,1346474151,ok,2026-04-20T11:44:51.678Z
Capybara,2026-04-15T12:36:01.420Z,1346474151,ok,2026-04-20T11:44:51.932Z
Capybara,2026-04-15T12:37:39.586Z,1346474151,ok,2026-04-20T11:44:52.179Z
Capybara,2026-04-15T12:38:34.342Z,1346474151,ok,2026-04-20T11:44:52.418Z
Capybara,2026-04-15T12:43:57.382Z,1346474151,ok,2026-04-20T11:44:52.648Z
Capybara,2026-04-15T12:47:34.070Z,1346474151,ok,2026-04-20T11:44:52.891Z
Capybara,2026-04-15T12:47:40.219Z,1346474151,ok,2026-04-20T11:44:53.135Z
Capybara,2026-04-15T12:48:03.639Z,1346474151,ok,2026-04-20T11:44:53.388Z
Capybara,2026-04-15T12:48:49.225Z,1346474151,ok,2026-04-20T11:44:53.637Z
Capybara,2026-04-15T12:49:15.430Z,1346474151,ok,2026-04-20T11:44:53.886Z
Capybara,2026-04-15T12:50:55.664Z,1346474151,ok,2026-04-20T11:44:54.148Z
Capybara,2026-04-15T12:51:10.403Z,1346474151,ok,2026-04-20T11:44:54.395Z
Capybara,2026-04-15T12:51:18.575Z,1346474151,ok,2026-04-20T11:44:54.631Z
Capybara,2026-04-15T12:56:30.226Z,1346474151,ok,2026-04-20T11:44:54.890Z
Capybara,2026-04-15T12:57:00.639Z,1346474151,ok,2026-04-20T11:44:55.156Z
Capybara,2026-04-15T12:57:50.004Z,1346474151,ok,2026-04-20T11:44:55.400Z
Capybara,2026-04-15T13:07:06.380Z,1346474151,ok,2026-04-20T11:44:55.658Z
Capybara,2026-04-15T13:08:41.932Z,1346474151,ok,2026-04-20T11:44:55.897Z
Capybara_(disambiguation),2026-04-15T11:46:24.346Z,1286780159,ok,2026-04-20T11:44:56.155Z
Carl_Friedrich_Gauss,2026-04-14T15:33:54.689Z,1344113984,ok,2026-04-20T11:44:56.396Z
Cave_painting,2026-04-15T11:51:01.007Z,1347767662,ok,2026-04-20T11:44:56.645Z
Cave_painting,2026-04-15T11:52:02.264Z,1347767662,ok,2026-04-20T11:44:56.888Z
Cave_painting,2026-04-15T11:53:34.152Z,1347767662,ok,2026-04-20T11:44:57.131Z
Cavia,2026-04-15T12:47:37.737Z,1346925456,ok,2026-04-20T11:44:57.389Z
Cerebral_hemisphere,2026-04-15T13:09:00.085Z,1321047342,ok,2026-04-20T11:44:57.648Z
Chinese_art,2026-04-15T12:01:31.543Z,1348124658,ok,2026-04-20T11:44:57.892Z
Christianity,2026-04-15T13:10:18.623Z,1348048559,ok,2026-04-20T11:44:58.131Z
Church_of_the_Nativity,2026-04-15T13:11:26.384Z,1348323960,ok,2026-04-20T11:44:58.393Z
Civilization,2026-04-14T13:59:30.940Z,1347567031,ok,2026-04-20T11:44:58.641Z
Classical_Realism,2026-04-14T13:27:26.109Z,1348339920,ok,2026-04-20T11:44:58.901Z
Classical_Realism,2026-04-14T13:27:38.437Z,1348339920,ok,2026-04-20T11:44:59.139Z
Classical_Realism,2026-04-14T13:27:58.351Z,1348339920,ok,2026-04-20T11:44:59.396Z
Classical_Realism,2026-04-14T13:28:44.151Z,1348339920,ok,2026-04-20T11:44:59.654Z
Classical_Realism,2026-04-14T13:28:59.459Z,1348339920,ok,2026-04-20T11:44:59.902Z
Classical_Realism,2026-04-14T13:29:43.115Z,1348339920,ok,2026-04-20T11:45:00.134Z
Classical_Realism,2026-04-14T13:29:49.116Z,1348339920,ok,2026-04-20T11:45:00.389Z
Classical_Realism,2026-04-14T13:30:05.049Z,1348339920,ok,2026-04-20T11:45:00.636Z
Classificatory_disputes_about_art,2026-04-15T13:15:37.242Z,1327642073,ok,2026-04-20T11:45:00.891Z
Cognitive_ergonomics,2026-04-15T12:48:46.971Z,1344687820,ok,2026-04-20T11:45:01.141Z
Cognitive_process,2026-04-14T13:47:11.254Z,1347712394,ok,2026-04-20T11:45:01.391Z
Cognitive_science,2026-04-15T12:44:41.067Z,1348109510,ok,2026-04-20T11:45:01.655Z
Cognitive_science,2026-04-15T12:45:07.383Z,1348109510,ok,2026-04-20T11:45:01.905Z
Cognitive_science,2026-04-15T12:49:11.659Z,1348109510,ok,2026-04-20T11:45:02.152Z
Cognitive_science,2026-04-15T12:52:18.416Z,1348109510,ok,2026-04-20T11:45:02.385Z
Cognitive_science,2026-04-15T12:53:33.395Z,1348109510,ok,2026-04-20T11:45:02.629Z
Cognitive_science,2026-04-15T12:56:07.344Z,1348109510,ok,2026-04-20T11:45:02.890Z
Cognitive_science,2026-04-15T13:30:18.502Z,1348109510,ok,2026-04-20T11:45:03.134Z
Cognitive_science,2026-04-15T13:30:27.713Z,1348109510,ok,2026-04-20T11:45:03.384Z
Conceptual_art,2026-04-14T13:24:39.304Z,1345097553,ok,2026-04-20T11:45:03.635Z
Consciousness,2026-04-15T12:02:49.529Z,1348574908,ok,2026-04-20T11:45:03.874Z
Consciousness,2026-04-15T12:04:28.720Z,1348574908,ok,2026-04-20T11:45:04.122Z
Consciousness,2026-04-15T12:10:22.113Z,1348574908,ok,2026-04-20T11:45:04.363Z
Consciousness,2026-04-15T12:19:27.118Z,1348574908,ok,2026-04-20T11:45:04.594Z
Consciousness,2026-04-15T12:36:40.913Z,1348574908,ok,2026-04-20T11:45:04.847Z
Consciousness,2026-04-15T12:45:18.743Z,1348574908,ok,2026-04-20T11:45:05.080Z
Consciousness,2026-04-15T13:04:20.709Z,1348574908,ok,2026-04-20T11:45:05.332Z
Contemporary_Art_Society,2026-04-14T13:33:17.779Z,1322451486,ok,2026-04-20T11:45:05.572Z
Contemporary_Art_Society,2026-04-14T13:35:10.520Z,1322451486,ok,2026-04-20T11:45:05.811Z
Contemporary_art,2026-04-14T13:24:07.779Z,1342754354,ok,2026-04-20T11:45:06.054Z
Contemporary_art,2026-04-14T13:24:46.037Z,1342754354,ok,2026-04-20T11:45:06.544Z
Contemporary_art,2026-04-14T13:26:18.614Z,1342754354,ok,2026-04-20T11:45:06.787Z
Contemporary_art,2026-04-14T13:27:32.004Z,1342754354,ok,2026-04-20T11:45:07.033Z
Contemporary_art,2026-04-14T13:27:52.149Z,1342754354,ok,2026-04-20T11:45:07.285Z
Contemporary_art,2026-04-14T13:28:50.446Z,1342754354,ok,2026-04-20T11:45:07.527Z
Contemporary_art,2026-04-14T13:29:44.392Z,1342754354,ok,2026-04-20T11:45:07.817Z
Contemporary_art,2026-04-14T13:29:58.960Z,1342754354,ok,2026-04-20T11:45:08.083Z
Contemporary_art,2026-04-14T13:31:39.099Z,1342754354,ok,2026-04-20T11:45:08.322Z
Contemporary_art,2026-04-14T13:35:43.176Z,1342754354,ok,2026-04-20T11:45:08.563Z
Contemporary_art,2026-04-14T13:37:31.553Z,1342754354,ok,2026-04-20T11:45:08.824Z
Contemporary_art,2026-04-14T13:39:07.463Z,1342754354,ok,2026-04-20T11:45:09.066Z
Contemporary_art,2026-04-14T13:40:42.254Z,1342754354,ok,2026-04-20T11:45:09.313Z
Contemporary_art,2026-04-14T13:45:18.838Z,1342754354,ok,2026-04-20T11:45:09.562Z
Contemporary_art,2026-04-14T14:10:05.026Z,1342754354,ok,2026-04-20T11:45:09.819Z
Contemporary_art,2026-04-14T14:51:14.335Z,1342754354,ok,2026-04-20T11:45:10.097Z
Contemporary_art,2026-04-14T15:14:00.857Z,1342754354,ok,2026-04-20T11:45:10.335Z
Contemporary_art,2026-04-14T15:40:32.752Z,1342754354,ok,2026-04-20T11:45:10.593Z
Contemporary_art,2026-04-14T15:46:10.819Z,1342754354,ok,2026-04-20T11:45:10.858Z
Contemporary_art,2026-04-15T11:55:53.398Z,1342754354,ok,2026-04-20T11:45:11.117Z
Contemporary_art,2026-04-15T11:59:08.707Z,1342754354,ok,2026-04-20T11:45:11.360Z
Contemporary_art,2026-04-15T12:04:48.127Z,1342754354,ok,2026-04-20T11:45:11.645Z
Contemporary_art,2026-04-15T12:27:56.110Z,1342754354,ok,2026-04-20T11:45:11.886Z
Contemporary_art,2026-04-15T12:35:20.256Z,1342754354,ok,2026-04-20T11:45:12.115Z
Contemporary_art,2026-04-15T12:36:09.936Z,1342754354,ok,2026-04-20T11:45:12.375Z
Contemporary_art,2026-04-15T13:02:45.167Z,1342754354,ok,2026-04-20T11:45:12.604Z
Contemporary_art,2026-04-15T13:02:46.563Z,1342754354,ok,2026-04-20T11:45:12.842Z
Contemporary_art,2026-04-15T13:03:16.715Z,1342754354,ok,2026-04-20T11:45:13.091Z
Contemporary_art,2026-04-15T13:03:38.338Z,1342754354,ok,2026-04-20T11:45:13.324Z
Contemporary_art,2026-04-15T13:09:14.428Z,1342754354,ok,2026-04-20T11:45:13.569Z
Contemporary_art,2026-04-15T13:13:53.492Z,1342754354,ok,2026-04-20T11:45:13.815Z
Contemporary_art,2026-04-15T13:17:04.555Z,1342754354,ok,2026-04-20T11:45:14.063Z
Contemporary_art_in_Egypt,2026-04-14T15:48:04.044Z,1332358783,ok,2026-04-20T11:45:14.300Z
Contemporary_art_in_Egypt,2026-04-15T11:59:45.938Z,1332358783,ok,2026-04-20T11:45:14.555Z
Contemporary_history,2026-04-14T13:35:34.152Z,1344436186,ok,2026-04-20T11:45:14.801Z
Creativity,2026-04-14T13:26:11.336Z,1348561617,ok,2026-04-20T11:45:15.070Z
Creativity,2026-04-14T13:31:14.469Z,1348561617,ok,2026-04-20T11:45:15.302Z
Creativity,2026-04-14T14:57:47.133Z,1348561617,ok,2026-04-20T11:45:15.555Z
Creativity,2026-04-15T11:46:25.543Z,1348561617,ok,2026-04-20T11:45:15.791Z
Creativity,2026-04-15T11:51:03.941Z,1348561617,ok,2026-04-20T11:45:16.028Z
Creativity,2026-04-15T12:08:36.044Z,1348561617,ok,2026-04-20T11:45:16.288Z
Creativity,2026-04-15T13:09:35.418Z,1348561617,ok,2026-04-20T11:45:16.531Z
Cultural_heritage,2026-04-14T15:35:10.966Z,1347055886,ok,2026-04-20T11:45:16.773Z
Cultural_sustainability,2026-04-14T15:31:22.182Z,1299987591,ok,2026-04-20T11:45:17.021Z
Culture_of_Iran,2026-04-15T12:16:57.926Z,1344017360,ok,2026-04-20T11:45:17.272Z
Curiosity,2026-04-14T13:33:53.594Z,1341423987,ok,2026-04-20T11:45:17.523Z
Curiosity,2026-04-14T13:35:39.981Z,1341423987,ok,2026-04-20T11:45:17.751Z
Curiosity,2026-04-14T13:37:48.688Z,1341423987,ok,2026-04-20T11:45:17.987Z
Curiosity,2026-04-14T13:40:22.402Z,1341423987,ok,2026-04-20T11:45:18.232Z
Curiosity,2026-04-14T13:43:29.998Z,1341423987,ok,2026-04-20T11:45:18.479Z
Digital_art,2026-04-14T15:15:17.866Z,1344280425,ok,2026-04-20T11:45:18.705Z
Discovery_(observation),2026-04-14T13:25:49.909Z,1343101902,ok,2026-04-20T11:45:18.964Z
Discovery_(observation),2026-04-14T13:27:11.768Z,1343101902,ok,2026-04-20T11:45:19.197Z
Discovery_(observation),2026-04-14T13:30:03.724Z,1343101902,ok,2026-04-20T11:45:19.443Z
Discovery_(observation),2026-04-14T13:35:09.343Z,1343101902,ok,2026-04-20T11:45:19.683Z
Discovery_(observation),2026-04-14T13:48:14.519Z,1343101902,ok,2026-04-20T11:45:19.919Z
Discovery_(observation),2026-04-14T13:48:44.482Z,1343101902,ok,2026-04-20T11:45:20.151Z
Discovery_(observation),2026-04-14T13:53:28.634Z,1343101902,ok,2026-04-20T11:45:20.397Z
Discovery_(observation),2026-04-14T14:56:30.235Z,1343101902,ok,2026-04-20T11:45:20.620Z
Discovery_(observation),2026-04-15T12:52:43.150Z,1343101902,ok,2026-04-20T11:45:20.881Z
Discovery_science,2026-04-14T13:27:34.296Z,1327847989,ok,2026-04-20T11:45:21.135Z
Discovery_science,2026-04-14T13:28:36.317Z,1327847989,ok,2026-04-20T11:45:21.368Z
Discovery_science,2026-04-14T13:32:55.682Z,1327847989,ok,2026-04-20T11:45:21.608Z
Discovery_science,2026-04-14T15:03:01.609Z,1327847989,ok,2026-04-20T11:45:21.845Z
Discovery_science,2026-04-15T13:29:17.056Z,1327847989,ok,2026-04-20T11:45:22.092Z
Educational_neuroscience,2026-04-15T13:10:20.712Z,1348554868,ok,2026-04-20T11:45:22.429Z
Edward_H._Rulloff,2026-04-14T15:37:46.307Z,1342684714,ok,2026-04-20T11:45:22.657Z
Evolution,2026-04-15T13:26:59.682Z,1348141364,ok,2026-04-20T11:45:22.904Z
Exotic_pet,2026-04-14T15:26:06.065Z,1347587199,ok,2026-04-20T11:45:23.145Z
Frank_Rosenblatt,2026-04-15T13:21:31.717Z,1335457631,ok,2026-04-20T11:45:23.394Z
Frank_Rosenblatt,2026-04-15T13:24:00.796Z,1335457631,ok,2026-04-20T11:45:23.645Z
Frontoparietal_network,2026-04-14T15:26:46.210Z,1313828919,ok,2026-04-20T11:45:23.875Z
Glossary_of_biology,2026-04-15T13:28:54.237Z,1211988138,ok,2026-04-20T11:45:24.139Z
Glossary_of_biology,2026-04-15T13:29:11.626Z,1211988138,ok,2026-04-20T11:45:24.386Z
Gothic_art,2026-04-14T14:50:55.052Z,1348061045,ok,2026-04-20T11:45:24.617Z
Graffiti,2026-04-15T12:00:21.805Z,1348538161,ok,2026-04-20T11:45:24.872Z
Graminivore,2026-04-14T15:26:54.363Z,1311611534,ok,2026-04-20T11:45:25.136Z
Grass,2026-04-14T14:40:36.647Z,1345740842,ok,2026-04-20T11:45:25.396Z
Grazing_(behaviour),2026-04-14T15:23:13.272Z,1292231793,ok,2026-04-20T11:45:25.660Z
Herbivore,2026-04-14T13:20:40.379Z,1348684667,ok,2026-04-20T11:45:25.902Z
Herbivore,2026-04-14T14:43:21.693Z,1348684667,ok,2026-04-20T11:45:26.137Z
Herbivore,2026-04-14T14:51:26.242Z,1348684667,ok,2026-04-20T11:45:26.383Z
Herbivore,2026-04-14T14:53:24.506Z,1348684667,ok,2026-04-20T11:45:26.637Z
Herbivore,2026-04-15T12:37:50.553Z,1348684667,ok,2026-04-20T11:45:26.867Z
Herbivore,2026-04-15T12:51:02.318Z,1348684667,ok,2026-04-20T11:45:27.133Z
High_Renaissance,2026-04-15T13:00:01.638Z,1347778428,ok,2026-04-20T11:45:27.375Z
Higher-order_thinking,2026-04-15T12:43:17.443Z,1212254759,ok,2026-04-20T11:45:27.617Z
History_of_art,2026-04-14T13:23:59.706Z,1343197305,ok,2026-04-20T11:45:27.878Z
History_of_art,2026-04-14T13:24:50.142Z,1343197305,ok,2026-04-20T11:45:28.119Z
History_of_art,2026-04-14T14:10:35.494Z,1343197305,ok,2026-04-20T11:45:28.356Z
History_of_art,2026-04-14T14:11:41.383Z,1343197305,ok,2026-04-20T11:45:28.614Z
History_of_art,2026-04-14T15:13:26.826Z,1343197305,ok,2026-04-20T11:45:28.870Z
History_of_art,2026-04-14T15:14:59.443Z,1343197305,ok,2026-04-20T11:45:29.123Z
History_of_art,2026-04-15T12:54:04.575Z,1343197305,ok,2026-04-20T11:45:29.372Z
History_of_art,2026-04-15T13:03:34.746Z,1343197305,ok,2026-04-20T11:45:29.624Z
History_of_art,2026-04-15T13:03:40.267Z,1343197305,ok,2026-04-20T11:45:29.858Z
History_of_art,2026-04-15T13:17:00.138Z,1343197305,ok,2026-04-20T11:45:30.112Z
History_of_art,2026-04-15T13:17:09.185Z,1343197305,ok,2026-04-20T11:45:30.374Z
History_of_biology,2026-04-14T13:33:07.724Z,1345369393,ok,2026-04-20T11:45:30.644Z
Homosexuality_in_ancient_Rome,2026-04-14T13:36:36.175Z,1347240533,ok,2026-04-20T11:45:30.898Z
Homosexuality_in_ancient_Rome,2026-04-15T11:51:09.705Z,1347240533,ok,2026-04-20T11:45:31.127Z
Human_brain,2026-04-14T13:27:51.685Z,1348541413,ok,2026-04-20T11:45:31.379Z
Human_brain,2026-04-14T13:30:33.544Z,1348541413,ok,2026-04-20T11:45:31.624Z
Human_brain,2026-04-14T14:21:15.618Z,1348541413,ok,2026-04-20T11:45:31.883Z
Human_brain,2026-04-14T14:22:55.439Z,1348541413,ok,2026-04-20T11:45:32.140Z
Human_brain,2026-04-14T14:58:36.846Z,1348541413,ok,2026-04-20T11:45:32.402Z
Human_brain,2026-04-14T15:04:43.370Z,1348541413,ok,2026-04-20T11:45:32.640Z
Human_brain,2026-04-14T15:25:28.616Z,1348541413,ok,2026-04-20T11:45:32.873Z
Human_brain,2026-04-15T11:47:21.486Z,1348541413,ok,2026-04-20T11:45:33.116Z
Human_brain,2026-04-15T12:11:55.623Z,1348541413,ok,2026-04-20T11:45:33.389Z
Human_brain,2026-04-15T12:52:35.622Z,1348541413,ok,2026-04-20T11:45:33.649Z
Human_brain,2026-04-15T13:05:59.822Z,1348541413,ok,2026-04-20T11:45:33.905Z
Human_brain,2026-04-15T13:28:50.198Z,1348541413,ok,2026-04-20T11:45:34.183Z
Hydrochoerinae,2026-04-14T14:52:23.499Z,1320920557,ok,2026-04-20T11:45:34.424Z
Hydrochoerus,2026-04-14T14:52:46.521Z,1341422303,ok,2026-04-20T11:45:34.659Z
Hydrochoerus,2026-04-15T12:50:44.425Z,1341422303,ok,2026-04-20T11:45:34.900Z
Imagination,2026-04-14T14:57:13.830Z,1348447889,ok,2026-04-20T11:45:35.157Z
Incentive_salience,2026-04-14T13:44:45.999Z,1347345058,ok,2026-04-20T11:45:35.409Z
Incentive_salience,2026-04-14T13:47:31.700Z,1347345058,ok,2026-04-20T11:45:35.661Z
Incentive_salience,2026-04-14T13:49:09.329Z,1347345058,ok,2026-04-20T11:45:35.926Z
Intellect,2026-04-15T11:52:05.344Z,1300219931,ok,2026-04-20T11:45:36.157Z
Intelligence,2026-04-15T11:51:51.413Z,1342753498,ok,2026-04-20T11:45:36.401Z
Intelligence,2026-04-15T11:52:44.379Z,1342753498,ok,2026-04-20T11:45:36.659Z
Invention,2026-04-14T13:30:34.670Z,1345663291,ok,2026-04-20T11:45:36.922Z
Italian_Renaissance,2026-04-15T12:59:46.958Z,1343822527,ok,2026-04-20T11:45:37.166Z
Italian_Renaissance_painting,2026-04-15T12:59:31.504Z,1346020620,ok,2026-04-20T11:45:37.436Z
Josephoartigasia_monesi,2026-04-14T13:28:03.201Z,1345957234,ok,2026-04-20T11:45:37.683Z
Kerodon,2026-04-15T12:48:43.168Z,1340033327,ok,2026-04-20T11:45:37.942Z
Kurdish_art,2026-04-15T12:05:27.690Z,1336989822,ok,2026-04-20T11:45:38.209Z
Lascaux,2026-04-15T11:50:32.088Z,1345312122,ok,2026-04-20T11:45:38.447Z
Lascaux,2026-04-15T11:51:48.784Z,1345312122,ok,2026-04-20T11:45:38.676Z
Lascaux,2026-04-15T11:52:37.760Z,1345312122,ok,2026-04-20T11:45:38.910Z
Lesser_capybara,2026-04-14T14:50:05.428Z,1345027539,ok,2026-04-20T11:45:39.170Z
List_of_art_movements,2026-04-15T13:02:28.752Z,1340659584,ok,2026-04-20T11:45:39.400Z
List_of_biology_awards,2026-04-14T13:25:13.148Z,1337129825,ok,2026-04-20T11:45:39.651Z
List_of_biology_awards,2026-04-14T13:27:12.848Z,1337129825,ok,2026-04-20T11:45:39.897Z
List_of_biology_awards,2026-04-14T13:32:56.743Z,1337129825,ok,2026-04-20T11:45:40.141Z
List_of_cognitive_science_topics,2026-04-15T12:47:37.571Z,1232827443,ok,2026-04-20T11:45:40.387Z
List_of_food_origins,2026-04-14T14:50:59.336Z,1347801232,ok,2026-04-20T11:45:40.634Z
List_of_food_origins,2026-04-14T14:52:00.270Z,1347801232,ok,2026-04-20T11:45:40.884Z
List_of_regions_in_the_human_brain,2026-04-15T13:24:59.074Z,1346511593,ok,2026-04-20T11:45:41.163Z
Litlington_White_Horse,2026-04-14T14:53:53.857Z,1341464642,ok,2026-04-20T11:45:41.425Z
Little_Cayman_Island,2026-04-14T14:59:42.069Z,1340133584,ok,2026-04-20T11:45:41.672Z
Magnetic_resonance_imaging_of_the_brain,2026-04-14T14:28:46.289Z,1339986711,ok,2026-04-20T11:45:41.929Z
Mechanism,2026-04-14T13:37:38.659Z,1323809220,ok,2026-04-20T11:45:42.175Z
Mechanism,2026-04-14T13:37:47.894Z,1323809220,ok,2026-04-20T11:45:42.419Z
Mechanism_(biology),2026-04-14T13:37:43.424Z,1287188625,ok,2026-04-20T11:45:42.671Z
Medieval_art,2026-04-14T15:15:30.381Z,1348708348,ok,2026-04-20T11:45:42.911Z
Medieval_art,2026-04-15T12:53:59.990Z,1348708348,ok,2026-04-20T11:45:43.159Z
Medieval_art,2026-04-15T13:04:31.227Z,1348708348,ok,2026-04-20T11:45:43.404Z
Memory_consolidation,2026-04-15T12:41:15.205Z,1348488138,ok,2026-04-20T11:45:43.643Z
Mesocortical_pathway,2026-04-14T13:42:16.879Z,1260089518,ok,2026-04-20T11:45:43.875Z
Mesocortical_pathway,2026-04-14T13:44:00.572Z,1260089518,ok,2026-04-20T11:45:44.149Z
Mesolimbic_pathway,2026-04-14T13:41:28.440Z,1333934549,ok,2026-04-20T11:45:44.461Z
Mesolimbic_pathway,2026-04-14T13:42:33.152Z,1333934549,ok,2026-04-20T11:45:44.718Z
Mesolimbic_pathway,2026-04-14T13:44:05.771Z,1333934549,ok,2026-04-20T11:45:44.974Z
Metacognition,2026-04-15T12:43:37.642Z,1347338142,ok,2026-04-20T11:45:45.218Z
Metropolitan_Museum_of_Art,2026-04-14T13:26:01.715Z,1347698311,ok,2026-04-20T11:45:45.458Z
Metropolitan_Museum_of_Art,2026-04-14T13:34:17.369Z,1347698311,ok,2026-04-20T11:45:45.703Z
Metropolitan_Museum_of_Art,2026-04-14T13:38:56.412Z,1347698311,ok,2026-04-20T11:45:45.957Z
Metropolitan_Museum_of_Art,2026-04-14T13:42:31.319Z,1347698311,ok,2026-04-20T11:45:46.200Z
Metropolitan_Museum_of_Art,2026-04-14T13:47:14.564Z,1347698311,ok,2026-04-20T11:45:46.468Z
Metropolitan_Museum_of_Art,2026-04-14T14:54:13.542Z,1347698311,ok,2026-04-20T11:45:46.716Z
Metropolitan_Museum_of_Art,2026-04-15T11:53:12.700Z,1347698311,ok,2026-04-20T11:45:46.944Z
Metropolitan_Museum_of_Art,2026-04-15T12:00:22.039Z,1347698311,ok,2026-04-20T11:45:47.189Z
Metropolitan_Museum_of_Art,2026-04-15T12:16:38.459Z,1347698311,ok,2026-04-20T11:45:47.437Z
Metropolitan_Museum_of_Art,2026-04-15T12:28:43.798Z,1347698311,ok,2026-04-20T11:45:47.696Z
Metropolitan_Museum_of_Art,2026-04-15T12:28:58.983Z,1347698311,ok,2026-04-20T11:45:47.954Z
Metropolitan_Museum_of_Art,2026-04-15T12:31:00.864Z,1347698311,ok,2026-04-20T11:45:48.196Z
Metropolitan_Museum_of_Art,2026-04-15T12:34:16.749Z,1347698311,ok,2026-04-20T11:45:48.452Z
Metropolitan_Museum_of_Art,2026-04-15T13:02:44.367Z,1347698311,ok,2026-04-20T11:45:48.698Z
Metropolitan_Museum_of_Art,2026-04-15T13:05:06.926Z,1347698311,ok,2026-04-20T11:45:48.951Z
Metropolitan_Museum_of_Art,2026-04-15T13:14:33.028Z,1347698311,ok,2026-04-20T11:45:49.179Z
Metropolitan_Museum_of_Art,2026-04-15T13:16:49.586Z,1347698311,ok,2026-04-20T11:45:49.419Z
Minimalism_(visual_arts),2026-04-15T13:02:55.762Z,1327807169,ok,2026-04-20T11:45:49.666Z
Minoan_art,2026-04-15T13:06:07.183Z,1331060907,ok,2026-04-20T11:45:49.925Z
Modern_Greek_art,2026-04-15T12:02:46.476Z,1341266233,ok,2026-04-20T11:45:50.179Z
Modern_art,2026-04-14T13:43:26.564Z,1346678164,ok,2026-04-20T11:45:50.426Z
Modern_art,2026-04-15T13:04:13.421Z,1346678164,ok,2026-04-20T11:45:50.668Z
Modernism,2026-04-15T13:09:24.604Z,1347730725,ok,2026-04-20T11:45:50.913Z
Mosaic,2026-04-15T13:04:54.681Z,1348345734,ok,2026-04-20T11:45:51.167Z
Mosaic,2026-04-15T13:11:11.032Z,1348345734,ok,2026-04-20T11:45:51.404Z
Mosaic,2026-04-15T13:11:29.840Z,1348345734,ok,2026-04-20T11:45:51.638Z
Museum,2026-04-14T13:56:15.789Z,1348625994,ok,2026-04-20T11:45:51.866Z
Museum,2026-04-15T13:08:20.822Z,1348625994,ok,2026-04-20T11:45:52.101Z
Museum_of_Modern_Art,2026-04-14T13:32:38.995Z,1346364771,ok,2026-04-20T11:45:52.343Z
Naïve_art,2026-04-15T13:00:20.846Z,1326461253,ok,2026-04-20T11:45:52.588Z
Neo-primitivism,2026-04-15T13:00:42.842Z,1346273062,ok,2026-04-20T11:45:52.861Z
Neoclassicism,2026-04-14T13:27:34.392Z,1347310175,ok,2026-04-20T11:45:53.123Z
Neoclassicism,2026-04-14T13:28:33.590Z,1347310175,ok,2026-04-20T11:45:53.372Z
Neoclassicism,2026-04-14T13:29:02.595Z,1347310175,ok,2026-04-20T11:45:53.629Z
Neural_Plasticity_(journal),2026-04-15T12:39:04.789Z,1328768021,ok,2026-04-20T11:45:53.884Z
Neural_basis_of_self,2026-04-15T13:19:00.893Z,1294984763,ok,2026-04-20T11:45:54.132Z
Neural_network,2026-04-14T15:23:36.307Z,1348560337,ok,2026-04-20T11:45:54.385Z
Neural_network,2026-04-15T12:17:03.802Z,1348560337,ok,2026-04-20T11:45:54.623Z
Neural_network,2026-04-15T13:33:51.396Z,1348560337,ok,2026-04-20T11:45:54.857Z
Neural_network_(machine_learning),2026-04-15T13:29:56.126Z,1348667461,ok,2026-04-20T11:45:55.101Z
Neuron,2026-04-14T13:33:48.178Z,1348609037,ok,2026-04-20T11:45:55.329Z
Neuroplasticity,2026-04-15T12:39:11.180Z,1348078590,ok,2026-04-20T11:45:55.561Z
Neuroplasticity,2026-04-15T12:55:38.799Z,1348078590,ok,2026-04-20T11:45:55.808Z
Neuroscience,2026-04-14T13:24:42.615Z,1348194054,ok,2026-04-20T11:45:56.049Z
Neuroscience,2026-04-14T13:33:42.065Z,1348194054,ok,2026-04-20T11:45:56.288Z
Neuroscience,2026-04-14T13:50:05.474Z,1348194054,ok,2026-04-20T11:45:56.531Z
Neuroscience,2026-04-14T14:56:25.101Z,1348194054,ok,2026-04-20T11:45:56.768Z
Neuroscience,2026-04-14T14:56:55.968Z,1348194054,ok,2026-04-20T11:45:57.012Z
Neuroscience,2026-04-14T15:09:47.809Z,1348194054,ok,2026-04-20T11:45:57.260Z
Neuroscience,2026-04-14T15:10:33.483Z,1348194054,ok,2026-04-20T11:45:57.490Z
Neuroscience,2026-04-14T15:11:00.437Z,1348194054,ok,2026-04-20T11:45:57.761Z
Neuroscience,2026-04-15T12:15:24.169Z,1348194054,ok,2026-04-20T11:45:57.993Z
Neuroscience,2026-04-15T12:49:21.054Z,1348194054,ok,2026-04-20T11:45:58.253Z
Neuroscience,2026-04-15T12:52:13.439Z,1348194054,ok,2026-04-20T11:45:58.490Z
Neuroscience,2026-04-15T12:52:21.311Z,1348194054,ok,2026-04-20T11:45:58.743Z
Neuroscience,2026-04-15T12:54:40.045Z,1348194054,ok,2026-04-20T11:45:59.006Z
Neuroscience,2026-04-15T12:56:52.668Z,1348194054,ok,2026-04-20T11:45:59.234Z
Neuroscience,2026-04-15T13:07:37.665Z,1348194054,ok,2026-04-20T11:45:59.476Z
Neuroscience,2026-04-15T13:20:21.656Z,1348194054,ok,2026-04-20T11:45:59.712Z
Neuroscience,2026-04-15T13:24:09.093Z,1348194054,ok,2026-04-20T11:45:59.955Z
Neuroscience,2026-04-15T13:26:16.259Z,1348194054,ok,2026-04-20T11:46:00.202Z
Neuroscience,2026-04-15T13:28:43.092Z,1348194054,ok,2026-04-20T11:46:00.446Z
Neuroscience,2026-04-15T13:28:58.836Z,1348194054,ok,2026-04-20T11:46:00.684Z
Neuroscience,2026-04-15T13:29:06.113Z,1348194054,ok,2026-04-20T11:46:00.911Z
Neuroscience,2026-04-15T13:32:18.177Z,1348194054,ok,2026-04-20T11:46:01.159Z
Neuroscience_(journal),2026-04-15T13:29:01.734Z,1296383394,ok,2026-04-20T11:46:01.406Z
Neutral_theory_of_molecular_evolution,2026-04-15T13:27:04.789Z,1326133552,ok,2026-04-20T11:46:01.636Z
Nigrostriatal_pathway,2026-04-14T13:42:38.183Z,1315372465,ok,2026-04-20T11:46:01.870Z
Nigrostriatal_pathway,2026-04-14T13:44:05.023Z,1315372465,ok,2026-04-20T11:46:02.130Z
Nucleus_accumbens,2026-04-14T13:40:12.965Z,1346141894,ok,2026-04-20T11:46:02.370Z
Nude_(art),2026-04-15T12:01:03.367Z,1344375774,ok,2026-04-20T11:46:02.623Z
Outline_of_philosophy,2026-04-15T12:21:17.722Z,1345107106,ok,2026-04-20T11:46:02.880Z
Outline_of_physical_science,2026-04-15T12:44:55.410Z,1341792075,ok,2026-04-20T11:46:03.126Z
Painting,2026-04-15T12:17:23.999Z,1348177522,ok,2026-04-20T11:46:03.401Z
Pathophysiology,2026-04-14T13:28:30.443Z,1339719001,ok,2026-04-20T11:46:03.661Z
Pattern,2026-04-14T13:29:20.714Z,1317816323,ok,2026-04-20T11:46:03.904Z
Pattern,2026-04-14T13:32:54.911Z,1317816323,ok,2026-04-20T11:46:04.148Z
Pattern_theory,2026-04-14T13:32:30.739Z,1327272326,ok,2026-04-20T11:46:04.395Z
Pattern_theory,2026-04-14T13:32:53.738Z,1327272326,ok,2026-04-20T11:46:04.665Z
Periods_in_Western_art_history,2026-04-14T13:38:43.700Z,1281614574,ok,2026-04-20T11:46:04.903Z
Periods_in_Western_art_history,2026-04-14T15:15:43.818Z,1281614574,ok,2026-04-20T11:46:05.141Z
Periods_in_Western_art_history,2026-04-14T15:44:34.556Z,1281614574,ok,2026-04-20T11:46:05.388Z
Periods_in_Western_art_history,2026-04-15T12:31:38.395Z,1281614574,ok,2026-04-20T11:46:05.620Z
Periods_in_Western_art_history,2026-04-15T13:02:21.738Z,1281614574,ok,2026-04-20T11:46:05.849Z
Periods_in_Western_art_history,2026-04-15T13:02:31.227Z,1281614574,ok,2026-04-20T11:46:06.097Z
Periods_in_Western_art_history,2026-04-15T13:04:29.697Z,1281614574,ok,2026-04-20T11:46:06.328Z
Philosophy_of_mind,2026-04-15T12:20:25.931Z,1348567491,ok,2026-04-20T11:46:06.582Z
Philosophy_of_mind,2026-04-15T12:21:07.543Z,1348567491,ok,2026-04-20T11:46:06.833Z
Philosophy_of_mind,2026-04-15T13:17:14.529Z,1348567491,ok,2026-04-20T11:46:07.083Z
Pre-Raphaelites,2026-04-15T13:12:15.879Z,1345899763,ok,2026-04-20T11:46:07.345Z
Prefrontal_cortex,2026-04-14T15:12:52.662Z,1342081079,ok,2026-04-20T11:46:07.598Z
Prefrontal_cortex,2026-04-15T12:14:00.994Z,1342081079,ok,2026-04-20T11:46:07.848Z
Prefrontal_cortex,2026-04-15T13:11:01.039Z,1342081079,ok,2026-04-20T11:46:08.085Z
Prefrontal_cortex#Executive_function,2026-04-14T14:22:02.319Z,1342081079,ok,2026-04-20T11:46:08.311Z
Prehistoric_art,2026-04-14T14:46:51.575Z,1331495866,ok,2026-04-20T11:46:08.559Z
Prehistoric_art,2026-04-15T13:02:07.506Z,1348889823,ok,2026-04-20T11:46:08.847Z
Prehistoric_art,2026-04-15T13:02:34.191Z,1348889823,ok,2026-04-20T11:46:09.088Z
Prehistoric_art,2026-04-15T13:04:10.051Z,1348889823,ok,2026-04-20T11:46:09.323Z
Protest_art,2026-04-14T14:53:15.160Z,1347308987,ok,2026-04-20T11:46:09.561Z
Pythagoras,2026-04-15T13:15:08.331Z,1348959785,ok,2026-04-20T11:46:09.819Z
Pythagoras's_theorem,2026-04-15T13:14:41.530Z,1348719478,ok,2026-04-20T11:46:10.085Z
Qualia,2026-04-15T12:18:56.482Z,1347742416,ok,2026-04-20T11:46:10.319Z
Quantum_mind,2026-04-14T13:27:59.394Z,1343283567,ok,2026-04-20T11:46:10.582Z
Quantum_mind,2026-04-14T13:29:01.401Z,1343283567,ok,2026-04-20T11:46:10.830Z
Quantum_mind,2026-04-14T15:18:43.368Z,1343283567,ok,2026-04-20T11:46:11.074Z
Quantum_mind,2026-04-15T11:44:01.999Z,1343283567,ok,2026-04-20T11:46:11.328Z
Quantum_mind,2026-04-15T11:47:09.764Z,1343283567,ok,2026-04-20T11:46:11.573Z
Quantum_mind,2026-04-15T12:08:20.348Z,1343283567,ok,2026-04-20T11:46:11.822Z
Quantum_mind,2026-04-15T12:20:48.994Z,1343283567,ok,2026-04-20T11:46:12.062Z
Quantum_mind,2026-04-15T13:08:39.513Z,1343283567,ok,2026-04-20T11:46:12.315Z
Realization,2026-04-15T13:17:40.819Z,1250905209,ok,2026-04-20T11:46:12.556Z
Renaissance_art,2026-04-14T14:47:00.546Z,1348525630,ok,2026-04-20T11:46:12.805Z
Renaissance_art,2026-04-14T14:47:03.995Z,1348525630,ok,2026-04-20T11:46:13.047Z
Renaissance_art,2026-04-15T12:05:52.120Z,1348525630,ok,2026-04-20T11:46:13.288Z
Renaissance_art,2026-04-15T12:54:19.107Z,1348525630,ok,2026-04-20T11:46:13.520Z
Revelation,2026-04-14T13:48:38.454Z,1340591471,ok,2026-04-20T11:46:13.762Z
Revivalism_(architecture),2026-04-15T12:29:26.985Z,1308001584,ok,2026-04-20T11:46:14.003Z
Revivalism_(architecture),2026-04-15T12:31:46.768Z,1308001584,ok,2026-04-20T11:46:14.255Z
Richard_T._Scott,2026-04-14T13:30:34.708Z,1343877639,ok,2026-04-20T11:46:14.504Z
Rodent,2026-04-14T14:51:05.367Z,1347869066,ok,2026-04-20T11:46:14.772Z
Rodent,2026-04-14T15:25:05.024Z,1347869066,ok,2026-04-20T11:46:15.026Z
Rodent,2026-04-15T12:46:41.464Z,1347869066,ok,2026-04-20T11:46:15.272Z
Rodent,2026-04-15T12:48:01.708Z,1347869066,ok,2026-04-20T11:46:15.523Z
Rodent,2026-04-15T12:51:06.102Z,1347869066,ok,2026-04-20T11:46:15.773Z
Rodent,2026-04-15T12:52:08.156Z,1347869066,ok,2026-04-20T11:46:16.023Z
Role_of_chance_in_scientific_discoveries,2026-04-14T13:16:11.575Z,1316148070,ok,2026-04-20T11:46:16.422Z
Role_of_chance_in_scientific_discoveries,2026-04-14T13:23:46.343Z,1316148070,ok,2026-04-20T11:46:16.672Z
Role_of_chance_in_scientific_discoveries,2026-04-14T13:27:52.403Z,1316148070,ok,2026-04-20T11:46:16.927Z
Role_of_chance_in_scientific_discoveries,2026-04-14T13:28:14.682Z,1316148070,ok,2026-04-20T11:46:17.178Z
Role_of_chance_in_scientific_discoveries,2026-04-14T13:28:27.579Z,1316148070,ok,2026-04-20T11:46:17.454Z
Role_of_chance_in_scientific_discoveries,2026-04-14T14:56:38.862Z,1316148070,ok,2026-04-20T11:46:17.731Z
Role_of_chance_in_scientific_discoveries,2026-04-14T14:57:37.244Z,1316148070,ok,2026-04-20T11:46:17.988Z
Role_of_chance_in_scientific_discoveries,2026-04-14T14:59:52.286Z,1316148070,ok,2026-04-20T11:46:18.231Z
Role_of_chance_in_scientific_discoveries,2026-04-14T15:04:40.903Z,1316148070,ok,2026-04-20T11:46:18.493Z
Role_of_chance_in_scientific_discoveries,2026-04-14T15:09:53.882Z,1316148070,ok,2026-04-20T11:46:18.758Z
Role_of_chance_in_scientific_discoveries,2026-04-14T15:11:31.447Z,1316148070,ok,2026-04-20T11:46:19.003Z
Role_of_chance_in_scientific_discoveries,2026-04-14T15:24:53.705Z,1316148070,ok,2026-04-20T11:46:19.240Z
Role_of_chance_in_scientific_discoveries,2026-04-15T11:42:56.673Z,1316148070,ok,2026-04-20T11:46:19.498Z
Role_of_chance_in_scientific_discoveries,2026-04-15T11:45:38.379Z,1316148070,ok,2026-04-20T11:46:19.736Z
Role_of_chance_in_scientific_discoveries,2026-04-15T12:01:20.518Z,1316148070,ok,2026-04-20T11:46:19.980Z
Role_of_chance_in_scientific_discoveries,2026-04-15T12:02:20.895Z,1316148070,ok,2026-04-20T11:46:20.241Z
Role_of_chance_in_scientific_discoveries,2026-04-15T12:19:48.424Z,1316148070,ok,2026-04-20T11:46:20.486Z
Role_of_chance_in_scientific_discoveries,2026-04-15T12:21:43.368Z,1316148070,ok,2026-04-20T11:46:20.728Z
Role_of_chance_in_scientific_discoveries,2026-04-15T12:21:54.093Z,1316148070,ok,2026-04-20T11:46:20.955Z
Role_of_chance_in_scientific_discoveries,2026-04-15T12:42:12.226Z,1316148070,ok,2026-04-20T11:46:21.204Z
Role_of_chance_in_scientific_discoveries,2026-04-15T12:51:45.043Z,1316148070,ok,2026-04-20T11:46:21.451Z
Role_of_chance_in_scientific_discoveries,2026-04-15T13:02:58.326Z,1316148070,ok,2026-04-20T11:46:21.682Z
Role_of_chance_in_scientific_discoveries,2026-04-15T13:04:20.417Z,1316148070,ok,2026-04-20T11:46:21.936Z
Roman_art,2026-04-14T15:44:48.454Z,1328553318,ok,2026-04-20T11:46:22.169Z
Romanesque_architecture,2026-04-15T12:06:03.369Z,1348129465,ok,2026-04-20T11:46:22.408Z
Romanesque_art,2026-04-15T12:04:57.966Z,1348262412,ok,2026-04-20T11:46:22.652Z
Science,2026-04-14T13:34:51.929Z,1348141689,ok,2026-04-20T11:46:22.912Z
Science,2026-04-15T13:30:22.674Z,1348141689,ok,2026-04-20T11:46:23.140Z
Scientific_method,2026-04-14T15:05:05.800Z,1344505672,ok,2026-04-20T11:46:23.370Z
Scientific_method,2026-04-14T15:30:42.395Z,1344505672,ok,2026-04-20T11:46:23.609Z
Sculpture,2026-04-14T14:53:33.054Z,1343176140,ok,2026-04-20T11:46:23.841Z
Sculpture,2026-04-14T14:55:06.820Z,1343176140,ok,2026-04-20T11:46:24.089Z
Self-awareness,2026-04-15T13:18:39.083Z,1345857977,ok,2026-04-20T11:46:24.322Z
Self-knowledge,2026-04-15T13:19:29.142Z,1157072566,ok,2026-04-20T11:46:24.575Z
Self-knowledge_(psychology),2026-04-15T13:18:54.349Z,1344138088,ok,2026-04-20T11:46:24.837Z
Self-knowledge_(psychology),2026-04-15T13:19:31.418Z,1344138088,ok,2026-04-20T11:46:25.077Z
Self-realization,2026-04-15T13:17:49.624Z,1343072641,ok,2026-04-20T11:46:25.316Z
Sexual_revolution,2026-04-14T13:36:42.184Z,1348230631,ok,2026-04-20T11:46:25.553Z
Sofia_Kovalevskaya,2026-04-14T15:37:15.571Z,1338002419,ok,2026-04-20T11:46:25.820Z
Standard_deviation#Table,2026-04-14T13:27:05.798Z,1346122863,ok,2026-04-20T11:46:26.065Z
Stimulus_(physiology),2026-04-14T13:33:23.169Z,1348002103,ok,2026-04-20T11:46:26.311Z
Street_art_influence_in_politics,2026-04-14T14:52:38.676Z,1303999202,ok,2026-04-20T11:46:26.556Z
Synapse,2026-04-15T13:35:08.471Z,1346438262,ok,2026-04-20T11:46:26.800Z
Synaptic_plasticity,2026-04-15T11:42:05.503Z,1341547585,ok,2026-04-20T11:46:27.034Z
Synaptic_plasticity,2026-04-15T11:44:45.196Z,1341547585,ok,2026-04-20T11:46:27.279Z
Terminal_lucidity,2026-04-15T11:46:03.813Z,1347767885,ok,2026-04-20T11:46:27.521Z
Terminal_lucidity,2026-04-15T12:19:08.149Z,1347767885,ok,2026-04-20T11:46:27.772Z
Terminal_lucidity,2026-04-15T12:40:07.559Z,1347767885,ok,2026-04-20T11:46:28.031Z
The_Angel_of_the_North,2026-04-14T14:55:14.371Z,1344543526,ok,2026-04-20T11:46:28.279Z
The_Logic_of_Scientific_Discovery,2026-04-14T13:35:55.733Z,1348275119,ok,2026-04-20T11:46:28.508Z
The_Logic_of_Scientific_Discovery,2026-04-14T14:56:53.759Z,1348275119,ok,2026-04-20T11:46:28.771Z
The_Logic_of_Scientific_Discovery,2026-04-14T15:04:45.907Z,1348275119,ok,2026-04-20T11:46:29.000Z
The_Master_and_His_Emissary,2026-04-15T11:51:27.154Z,1317805352,ok,2026-04-20T11:46:29.248Z
The_Story_of_Art,2026-04-14T13:36:35.281Z,1347958168,ok,2026-04-20T11:46:29.499Z
The_Work_of_Art_in_the_Age_of_Mechanical_Reproduction,2026-04-14T13:47:36.294Z,1347890043,ok,2026-04-20T11:46:29.735Z
The_Work_of_Art_in_the_Age_of_Mechanical_Reproduction,2026-04-14T15:12:29.747Z,1347890043,ok,2026-04-20T11:46:29.967Z
The_Work_of_Art_in_the_Age_of_Mechanical_Reproduction,2026-04-15T11:53:31.573Z,1347890043,ok,2026-04-20T11:46:30.214Z
The_Work_of_Art_in_the_Age_of_Mechanical_Reproduction,2026-04-15T12:25:01.098Z,1347890043,ok,2026-04-20T11:46:30.444Z
The_Work_of_Art_in_the_Age_of_Mechanical_Reproduction,2026-04-15T13:06:29.791Z,1347890043,ok,2026-04-20T11:46:30.703Z
The_Work_of_Art_in_the_Age_of_Mechanical_Reproduction,2026-04-15T13:13:22.418Z,1347890043,ok,2026-04-20T11:46:30.961Z
The_Work_of_Art_in_the_Age_of_Mechanical_Reproduction,2026-04-15T13:18:19.191Z,1347890043,ok,2026-04-20T11:46:31.205Z
Theory_of_mind,2026-04-15T12:53:35.303Z,1344987780,ok,2026-04-20T11:46:31.464Z
Theory_of_mind,2026-04-15T12:55:33.230Z,1344987780,ok,2026-04-20T11:46:31.707Z
Theory_of_mind,2026-04-15T12:56:41.110Z,1344987780,ok,2026-04-20T11:46:31.963Z
Theory_of_mind,2026-04-15T13:07:20.215Z,1344987780,ok,2026-04-20T11:46:32.191Z
Timeline_of_scientific_discoveries,2026-04-14T13:35:48.482Z,1348489218,ok,2026-04-20T11:46:32.440Z
Timeline_of_scientific_discoveries,2026-04-14T13:53:11.809Z,1348489218,ok,2026-04-20T11:46:32.690Z
Timeline_of_scientific_discoveries,2026-04-14T14:55:25.740Z,1348489218,ok,2026-04-20T11:46:32.959Z
Timeline_of_scientific_discoveries,2026-04-14T15:03:36.699Z,1348489218,ok,2026-04-20T11:46:33.202Z
Timeline_of_scientific_discoveries,2026-04-14T15:09:57.308Z,1348489218,ok,2026-04-20T11:46:33.431Z
Timeline_of_scientific_discoveries,2026-04-14T15:29:27.042Z,1348489218,ok,2026-04-20T11:46:33.669Z
Timeline_of_scientific_discoveries,2026-04-15T13:12:18.368Z,1348489218,ok,2026-04-20T11:46:33.934Z
Timeline_of_scientific_discoveries,2026-04-15T13:14:46.451Z,1348489218,ok,2026-04-20T11:46:34.174Z
Timeline_of_scientific_discoveries,2026-04-15T13:17:27.930Z,1348489218,ok,2026-04-20T11:46:34.405Z
Tuberoinfundibular_pathway,2026-04-14T13:43:43.937Z,1308334155,ok,2026-04-20T11:46:34.655Z
Tuberoinfundibular_pathway,2026-04-14T13:44:04.319Z,1308334155,ok,2026-04-20T11:46:34.919Z
Use_Your_Brain,2026-04-14T14:20:21.498Z,1329645713,ok,2026-04-20T11:46:35.150Z
Visual_arts_education,2026-04-15T13:06:05.263Z,1344628301,ok,2026-04-20T11:46:35.394Z
Western_philosophy,2026-04-15T12:20:43.228Z,1346179268,ok,2026-04-20T11:46:35.631Z
Zen_and_the_Brain,2026-04-15T12:53:13.624Z,1221994090,ok,2026-04-20T11:46:35.889Z
