ID,UserID,RunningName,Version,Mode,Date,SpatialSearchID,SpatialSearchClientStartTime,SpatialSearchClientEndTime,SpatialSearchSummaryStartTime,SpatialSearchSummaryEndTime,SpatialSearchBonusPayment
1,69bfa90568c64f3e06f1a32e,Wikipedia_Exp_14.04,Wikipedia_Exp_13.04,Real,14-04-2026,1,08:06:12 | 14-04-2026,08:12:48 | 14-04-2026,08:05:14,08:12:39,609
2,6978e94c86ef2c792e089759,Wikipedia_Exp_14.04,Wikipedia_Exp_13.04,Real,14-04-2026,2,14:06:39 | 14-04-2026,14:13:09 | 14-04-2026,14:05:09,14:13:07,605
4,69cd61739075c642ba70f385,Wikipedia_Exp_14.04,Wikipedia_Exp_13.04,Real,14-04-2026,4,09:10:33 | 14-04-2026,09:17:45 | 14-04-2026,09:09:33,09:17:37,2323
5,559bbbdafdf99b7ce19d5b3d,Wikipedia_Exp_14.04,Wikipedia_Exp_13.04,Real,14-04-2026,7,14:11:38 | 14-04-2026,14:18:45 | 14-04-2026,14:10:51,14:18:39,583
8,5cefd727978d3c0019e84591,Wikipedia_Exp_14.04,Wikipedia_Exp_13.04,Real,14-04-2026,10,14:13:27 | 14-04-2026,14:19:34 | 14-04-2026,14:12:49,14:19:29,2159
10,5ed005980fdb830a7bfeaf4b,Wikipedia_Exp_14.04,Wikipedia_Exp_13.04,Real,14-04-2026,11,14:17:23 | 14-04-2026,14:24:07 | 14-04-2026,14:16:32,14:24:02,628
11,5d8fd459c82de6001a193829,Wikipedia_Exp_14.04,Wikipedia_Exp_13.04,Real,14-04-2026,12,14:29:23 | 14-04-2026,14:36:13 | 14-04-2026,14:28:12,14:36:04,550
13,641357b26802e397b5627d5e,Wikipedia_Exp_14.04,Wikipedia_Exp_13.04,Real,14-04-2026,14,08:58:38 | 14-04-2026,09:05:37 | 14-04-2026,08:58:01,09:05:33,628
14,5e7b804f9379140478c688da,Wikipedia_Exp_14.04,Wikipedia_Exp_13.04,Real,14-04-2026,15,15:32:46 | 14-04-2026,15:39:07 | 14-04-2026,15:31:40,15:39:01,2826
15,66919a02a5d3fddda5c003c4,Wikipedia_Exp_14.04,Wikipedia_Exp_13.04,Real,14-04-2026,16,15:32:48 | 14-04-2026,15:39:49 | 14-04-2026,15:31:52,15:39:45,2800
16,5b9ec956c8a17f000171f7ad,Wikipedia_Exp_14.04,Wikipedia_Exp_13.04,Real,14-04-2026,18,10:35:08 | 14-04-2026,10:42:11 | 14-04-2026,10:33:38,10:42:08,1952
18,64e36d981d00e7d7c45addc2,Wikipedia_Exp_14.04,Wikipedia_Exp_13.04,Real,14-04-2026,20,07:38:25 | 14-04-2026,07:44:41 | 14-04-2026,07:37:47,07:44:39,668
23,69938d80f7b1e79687b2b2aa,Wikipedia_Exp_14.04,Wikipedia_Exp_13.04,Real,14-04-2026,27,07:56:52 | 14-04-2026,08:05:01 | 14-04-2026,07:54:07,08:04:35,1565
25,6748b5c2eb65f80fc92caa93,Wikipedia_Exp_14.04,Wikipedia_Exp_13.04,Real,14-04-2026,28,16:00:37 | 14-04-2026,16:07:40 | 14-04-2026,15:58:27,16:07:32,1809
26,6978c9de12be2c3293c32576,Wikipedia_Exp_14.04,Wikipedia_Exp_13.04,Real,14-04-2026,31,16:10:00 | 14-04-2026,16:18:36 | 14-04-2026,16:08:51,16:18:32,2195
39,6658bbefeacd7bcadeef885f,Wikipedia_Exp_14.04,Wikipedia_Exp_13.04,Real,15-04-2026,32,12:27:52 | 15-04-2026,12:34:44 | 15-04-2026,12:27:13,12:34:37,2465
40,69c6e36f961b9688eb3666a8,Wikipedia_Exp_14.04,Wikipedia_Exp_13.04,Real,15-04-2026,33,07:29:05 | 15-04-2026,07:36:10 | 15-04-2026,07:27:21,07:36:05,1978
41,6978d4314f8da37192206b4c,Wikipedia_Exp_14.04,Wikipedia_Exp_13.04,Real,15-04-2026,34,12:31:30 | 15-04-2026,12:37:41 | 15-04-2026,12:24:33,12:37:38,2089
42,6664c7aa5c1c7846d3618f74,Wikipedia_Exp_14.04,Wikipedia_Exp_13.04,Real,15-04-2026,35,12:34:02 | 15-04-2026,12:43:42 | 15-04-2026,12:31:41,12:43:08,574
43,5bd2e5ee1f1b080001bf2f99,Wikipedia_Exp_14.04,Wikipedia_Exp_13.04,Real,15-04-2026,36,12:47:09 | 15-04-2026,12:53:38 | 15-04-2026,12:46:35,12:53:32,623
44,66845d64ef9123bc488e1242,Wikipedia_Exp_14.04,Wikipedia_Exp_13.04,Real,15-04-2026,37,12:49:28 | 15-04-2026,12:55:45 | 15-04-2026,12:48:43,12:55:38,649
45,66d339846ddb5871646d198c,Wikipedia_Exp_14.04,Wikipedia_Exp_13.04,Real,15-04-2026,40,12:56:20 | 15-04-2026,13:02:53 | 15-04-2026,12:55:18,13:02:44,3266
46,69de3edddcf5dc0b8de618a9,Wikipedia_Exp_14.04,Wikipedia_Exp_13.04,Real,15-04-2026,38,07:51:56 | 15-04-2026,08:02:52 | 15-04-2026,07:50:23,08:02:49,570
48,577a0a057c80acd80001047392,Wikipedia_Exp_14.04,Wikipedia_Exp_13.04,Real,15-04-2026,42,13:06:51 | 15-04-2026,13:14:34 | 15-04-2026,13:05:38,13:14:29,653
50,5bd2a0799afb5b00015be460,Wikipedia_Exp_14.04,Wikipedia_Exp_13.04,Real,15-04-2026,44,13:13:43 | 15-04-2026,13:21:31 | 15-04-2026,13:12:23,13:21:21,2611
51,69d9595003247eb1ddcb9fe0,Wikipedia_Exp_14.04,Wikipedia_Exp_13.04,Real,15-04-2026,39,07:56:18 | 15-04-2026,08:22:04 | 15-04-2026,07:54:52,08:22:00,611
53,6723ade314fe787a4740f43b,Wikipedia_Exp_14.04,Wikipedia_Exp_13.04,Real,15-04-2026,47,08:26:43 | 15-04-2026,08:34:09 | 15-04-2026,08:25:38,08:34:00,625
54,650062cd6cef58594c7a5c78,Wikipedia_Exp_14.04,Wikipedia_Exp_13.04,Real,15-04-2026,50,07:35:42 | 15-04-2026,07:42:29 | 15-04-2026,07:34:12,07:42:27,607
55,63f82a4ff43ec144ca3622a8,Wikipedia_Exp_14.04,Wikipedia_Exp_13.04,Real,15-04-2026,51,08:38:36 | 15-04-2026,08:46:43 | 15-04-2026,08:36:41,08:46:19,2635
56,5cf6ee10d5478e0001da72bd,Wikipedia_Exp_14.04,Wikipedia_Exp_13.04,Real,15-04-2026,52,13:40:44 | 15-04-2026,13:46:58 | 15-04-2026,13:40:07,13:46:54,1978
57,5a7226d9f660ae0001a9a547,Wikipedia_Exp_14.04,Wikipedia_Exp_13.04,Real,15-04-2026,53,13:41:08 | 15-04-2026,13:48:34 | 15-04-2026,13:40:17,13:48:30,2539
59,63f8eaeb261f726a83d65177,Wikipedia_Exp_14.04,Wikipedia_Exp_13.04,Real,15-04-2026,55,13:46:36 | 15-04-2026,13:53:39 | 15-04-2026,13:44:41,13:53:33,2843
60,66c8abd9541bc2f6a6a7cc33,Wikipedia_Exp_14.04,Wikipedia_Exp_13.04,Real,15-04-2026,56,07:46:54 | 15-04-2026,07:53:47 | 15-04-2026,07:46:09,07:53:43,661
61,6997c8b7066152bb2b4d6eb2,Wikipedia_Exp_14.04,Wikipedia_Exp_13.04,Real,15-04-2026,57,05:48:36 | 15-04-2026,05:55:44 | 15-04-2026,05:46:49,05:55:28,647
62,5edb5fd0cee6c17e7069af09,Wikipedia_Exp_14.04,Wikipedia_Exp_13.04,Real,15-04-2026,58,13:59:34 | 15-04-2026,14:06:20 | 15-04-2026,13:58:52,14:06:14,636
63,648868c355e5b891758c5767,Wikipedia_Exp_14.04,Wikipedia_Exp_13.04,Real,15-04-2026,59,08:59:44 | 15-04-2026,09:07:35 | 15-04-2026,08:56:59,09:07:29,561
71,63ced2ac873e8ce2bfbd9f0f,Wikipedia_Exp_14.04,Wikipedia_Exp_20.04,Real,20-04-2026,68,12:40:24 | 20-04-2026,12:47:18 | 20-04-2026,12:39:45,12:47:15,3054
72,69dd8d9a6de6c1b518e17d68,Wikipedia_Exp_14.04,Wikipedia_Exp_20.04,Real,20-04-2026,70,07:41:09 | 20-04-2026,07:47:31 | 20-04-2026,07:40:02,07:47:25,2900
73,6695eedc01d51b60417aecf7,Wikipedia_Exp_14.04,Wikipedia_Exp_20.04,Real,20-04-2026,71,06:41:12 | 20-04-2026,06:47:53 | 20-04-2026,06:40:19,06:47:37,1974
74,6697f953a43613fe2f6a2883,Wikipedia_Exp_14.04,Wikipedia_Exp_20.04,Real,20-04-2026,72,07:41:18 | 20-04-2026,07:48:18 | 20-04-2026,07:39:52,07:48:12,633
75,628f6f85d192d1fee0014ef0,Wikipedia_Exp_14.04,Wikipedia_Exp_20.04,Real,20-04-2026,73,12:41:45 | 20-04-2026,12:48:30 | 20-04-2026,12:40:38,12:48:07,2329
78,599186630675b100014daddd,Wikipedia_Exp_14.04,Wikipedia_Exp_20.04,Real,20-04-2026,74,12:41:43 | 20-04-2026,12:48:57 | 20-04-2026,12:39:57,12:48:52,594
79,699ece8a778dfb99b080dfba,Wikipedia_Exp_14.04,Wikipedia_Exp_20.04,Real,20-04-2026,69,07:41:09 | 20-04-2026,07:58:25 | 20-04-2026,07:40:24,07:58:20,2390
80,62da7d3913126d5b2122fc0c,Wikipedia_Exp_14.04,Wikipedia_Exp_20.04,Real,20-04-2026,79,12:53:34 | 20-04-2026,13:01:40 | 20-04-2026,12:50:55,13:01:33,608
82,69bd60316ed04225bab631a7,Wikipedia_Exp_14.04,Wikipedia_Exp_20.04,Real,20-04-2026,81,08:15:40 | 20-04-2026,08:21:37 | 20-04-2026,08:14:52,08:21:30,3281
85,5e63f5da8a25da181c011cad,Wikipedia_Exp_14.04,Wikipedia_Exp_20.04,Real,20-04-2026,84,13:20:53 | 20-04-2026,13:27:51 | 20-04-2026,13:12:34,13:27:48,670
86,69d2450918bbe42a3e6e8bf3,Wikipedia_Exp_14.04,Wikipedia_Exp_20.04,Real,20-04-2026,87,08:37:45 | 20-04-2026,08:48:52 | 20-04-2026,08:35:32,08:48:40,1239
87,6993a2122ad1ab7ae567e395,Wikipedia_Exp_14.04,Wikipedia_Exp_20.04,Real,20-04-2026,88,05:46:37 | 20-04-2026,05:56:36 | 20-04-2026,05:44:10,05:56:18,1289
88,59789a60bf453d00010a94c7,Wikipedia_Exp_14.04,Wikipedia_Exp_20.04,Real,20-04-2026,89,13:52:23 | 20-04-2026,13:59:14 | 20-04-2026,13:51:31,13:59:10,1898
89,56896501d3d6a7000ca23da8,Wikipedia_Exp_14.04,Wikipedia_Exp_20.04,Real,20-04-2026,92,13:55:03 | 20-04-2026,14:00:59 | 20-04-2026,13:54:31,14:00:56,2370
90,67edb75b0744561f1cf6ff9d,Wikipedia_Exp_14.04,Wikipedia_Exp_20.04,Real,20-04-2026,93,07:56:04 | 20-04-2026,08:04:58 | 20-04-2026,07:52:19,08:04:53,1789
91,677743bf62e157794cf97ff4,Wikipedia_Exp_14.04,Wikipedia_Exp_20.04,Real,20-04-2026,95,09:00:52 | 20-04-2026,09:09:17 | 20-04-2026,08:57:47,09:09:08,655
92,69a0de789b11b933769f1e3b,Wikipedia_Exp_14.04,Wikipedia_Exp_20.04,Real,20-04-2026,94,09:59:32 | 20-04-2026,10:13:21 | 20-04-2026,09:58:33,10:10:06,595
93,695fc9e5ea354ea6bd7c7ba8,Wikipedia_Exp_14.04,Wikipedia_Exp_20.04,Real,20-04-2026,97,09:12:39 | 20-04-2026,09:21:10 | 20-04-2026,09:11:40,09:21:06,1609
94,69b70b621d47559d6c70a47b,Wikipedia_Exp_14.04,Wikipedia_Exp_20.04,Real,20-04-2026,98,09:39:00 | 20-04-2026,09:46:08 | 20-04-2026,09:00:20,09:45:59,543
95,5d453e8723a5bb0001492546fix,Wikipedia_Exp_14.04,Wikipedia_Exp_20.04,Real,20-04-2026,100,10:18:17 | 20-04-2026,10:25:21 | 20-04-2026,10:17:19,10:25:11,614
96,67e8aa454848956e5e32c19d,Wikipedia_Exp_14.04,Wikipedia_Exp_20.04,Real,23-04-2026,101,08:25:36 | 23-04-2026,08:31:41 | 23-04-2026,08:25:13,08:31:38,622
97,63f7c60b1e096c2df51e3071,Wikipedia_Exp_14.04,Wikipedia_Exp_20.04,Real,23-04-2026,103,13:25:46 | 23-04-2026,13:31:45 | 23-04-2026,13:25:12,13:31:39,646
99,6978e72dd38c6fdc769b755f,Wikipedia_Exp_14.04,Wikipedia_Exp_20.04,Real,23-04-2026,105,13:26:03 | 23-04-2026,13:32:22 | 23-04-2026,13:25:05,13:32:17,583
100,69aec0c1b1e23fadadf6b62f,Wikipedia_Exp_14.04,Wikipedia_Exp_20.04,Real,23-04-2026,107,08:26:24 | 23-04-2026,08:32:27 | 23-04-2026,08:25:25,08:32:24,625
102,6658c4239af9537eefdfbcc9,Wikipedia_Exp_14.04,Wikipedia_Exp_20.04,Real,23-04-2026,109,13:27:17 | 23-04-2026,13:33:06 | 23-04-2026,13:26:46,13:33:03,668
103,671a3ac3dada5efe6d439698,Wikipedia_Exp_14.04,Wikipedia_Exp_20.04,Real,23-04-2026,104,13:26:00 | 23-04-2026,13:35:12 | 23-04-2026,13:25:15,13:35:09,570
104,5e39fa4332667b2143e1d998,Wikipedia_Exp_14.04,Wikipedia_Exp_20.04,Real,23-04-2026,108,13:27:03 | 23-04-2026,13:36:30 | 23-04-2026,13:25:58,13:36:24,617
105,55d51a6b8ce09000127d4821,Wikipedia_Exp_14.04,Wikipedia_Exp_20.04,Real,23-04-2026,110,13:45:55 | 23-04-2026,13:53:40 | 23-04-2026,13:45:17,13:53:37,2689
106,69e8b296cf58f745dc89bacd,Wikipedia_Exp_14.04,Wikipedia_Exp_20.04,Real,23-04-2026,113,14:08:18 | 23-04-2026,14:16:22 | 23-04-2026,14:07:15,14:16:18,1552
107,66e62716a40afa9a9b4d23c6,Wikipedia_Exp_14.04,Wikipedia_Exp_20.04,Real,23-04-2026,112,09:00:08 | 23-04-2026,09:08:18 | 23-04-2026,08:58:50,09:08:10,1390
108,667871d17d7fdf0358f82a28,Wikipedia_Exp_14.04,Wikipedia_Exp_20.04,Real,23-04-2026,115,09:01:39 | 23-04-2026,09:09:21 | 23-04-2026,09:00:05,09:09:17,1626
109,6783ebc2e89b75d66d952f41,Wikipedia_Exp_14.04,Wikipedia_Exp_20.04,Real,23-04-2026,117,14:05:58 | 23-04-2026,14:14:21 | 23-04-2026,14:05:09,14:14:15,620
110,698a2bb3a5e95703e36d82e7,Wikipedia_Exp_14.04,Wikipedia_Exp_20.04,Real,23-04-2026,116,14:05:32 | 23-04-2026,14:14:45 | 23-04-2026,14:02:56,14:14:26,923
111,67c73f42a027c0523088f830,Wikipedia_Exp_14.04,Wikipedia_Exp_20.04,Real,23-04-2026,119,09:11:33 | 23-04-2026,09:17:49 | 23-04-2026,09:10:49,09:17:44,2702
112,670d8b142f87173ffe3b4763,Wikipedia_Exp_14.04,Wikipedia_Exp_20.04,Real,23-04-2026,120,09:12:12 | 23-04-2026,09:20:31 | 23-04-2026,09:09:47,09:20:19,563
113,6687a66faa865642f33dc043,Wikipedia_Exp_14.04,Wikipedia_Exp_20.04,Real,23-04-2026,121,08:13:42 | 23-04-2026,08:22:31 | 23-04-2026,08:11:33,08:22:22,618
114,6694154a46060b3c49b2d6fd,Wikipedia_Exp_14.04,Wikipedia_Exp_20.04,Real,23-04-2026,122,09:17:21 | 23-04-2026,09:23:17 | 23-04-2026,09:16:45,09:23:13,645
116,67e1da8a432675c0e850e8d1,Wikipedia_Exp_14.04,Wikipedia_Exp_20.04,Real,23-04-2026,125,08:36:02 | 23-04-2026,08:45:08 | 23-04-2026,08:34:05,08:44:55,645
117,696e46a86969ef2d97ba2031,Wikipedia_Exp_14.04,Wikipedia_Exp_20.04,Real,23-04-2026,127,09:44:37 | 23-04-2026,09:52:48 | 23-04-2026,09:39:08,09:52:18,2372
118,69e74f0392d00301c69d48ed,Wikipedia_Exp_14.04,Wikipedia_Exp_20.04,Real,23-04-2026,128,14:47:47 | 23-04-2026,14:54:18 | 23-04-2026,14:46:13,14:54:11,2359
119,663a5d2dd34528e2a1de0e30,Wikipedia_Exp_14.04,Wikipedia_Exp_20.04,Real,23-04-2026,130,08:50:27 | 23-04-2026,08:57:13 | 23-04-2026,08:45:21,08:57:04,1530
120,69e86f295469acaf1f4fe522,Wikipedia_Exp_14.04,Wikipedia_Exp_20.04,Real,23-04-2026,132,14:52:10 | 23-04-2026,14:58:20 | 23-04-2026,14:51:34,14:58:15,3482
121,69d006f4c1e84cef183982b2,Wikipedia_Exp_14.04,Wikipedia_Exp_20.04,Real,23-04-2026,134,09:53:07 | 23-04-2026,10:00:32 | 23-04-2026,09:50:54,10:00:24,2155
122,5c5ca0ce4ee81200018eaf51,Wikipedia_Exp_14.04,Wikipedia_Exp_20.04,Real,23-04-2026,133,14:53:04 | 23-04-2026,15:01:00 | 23-04-2026,14:50:04,15:00:57,498
123,69e8ec14aa336173eff7b056,Wikipedia_Exp_14.04,Wikipedia_Exp_20.04,Real,23-04-2026,135,09:54:25 | 23-04-2026,10:01:22 | 23-04-2026,09:53:25,10:01:18,654
124,67ee6f72aa206db46d5e9d11,Wikipedia_Exp_14.04,Wikipedia_Exp_20.04,Real,23-04-2026,131,09:52:02 | 23-04-2026,10:08:28 | 23-04-2026,09:50:16,10:08:04,721
125,69b089efb3ac8b3e834b699a,Wikipedia_Exp_14.04,Wikipedia_Exp_20.04,Real,23-04-2026,138,08:22:07 | 23-04-2026,08:31:28 | 23-04-2026,08:20:51,08:31:19,1707
126,63d50bed33ba8cb1b9794938,Wikipedia_Exp_14.04,Wikipedia_Exp_20.04,Real,23-04-2026,141,15:27:43 | 23-04-2026,15:34:01 | 23-04-2026,15:27:07,15:33:53,611
127,66e8a0f36111f8b5b5cf161e,Wikipedia_Exp_14.04,Wikipedia_Exp_20.04,Real,23-04-2026,140,09:25:27 | 23-04-2026,09:34:44 | 23-04-2026,09:22:18,09:34:35,596
128,pprlroad,Wikipedia_Exp_14.04,Wikipedia_Exp_20.04,Real,23-04-2026,142,09:29:40 | 23-04-2026,09:39:10 | 23-04-2026,09:27:49,09:39:06,626
129,5a94ee9bf6dfdd0001ea50f1,Wikipedia_Exp_14.04,Wikipedia_Exp_20.04,Real,23-04-2026,144,15:36:47 | 23-04-2026,15:43:34 | 23-04-2026,15:28:41,15:43:29,2267
130,69b82db646bc5827579dc5ca,Wikipedia_Exp_14.04,Wikipedia_Exp_20.04,Real,23-04-2026,145,10:37:58 | 23-04-2026,10:44:48 | 23-04-2026,10:35:45,10:44:42,1975
131,67c60b46b619cad09b65ab51,Wikipedia_Exp_14.04,Wikipedia_Exp_20.04,Real,23-04-2026,143,15:34:26 | 23-04-2026,15:45:04 | 23-04-2026,15:33:15,15:44:53,528
132,69a273aa8ea44b93a7c318fa,Wikipedia_Exp_14.04,Wikipedia_Exp_20.04,Real,23-04-2026,147,09:47:45 | 23-04-2026,09:54:56 | 23-04-2026,09:44:55,09:54:53,2613
133,616f727b03e888e0f8213eec,Wikipedia_Exp_14.04,Wikipedia_Exp_20.04,Real,23-04-2026,149,09:01:42 | 23-04-2026,09:08:46 | 23-04-2026,09:00:20,09:08:43,605
134,5641193817bdbe00122a0f23,Wikipedia_Exp_14.04,Wikipedia_Exp_20.04,Real,23-04-2026,148,15:59:41 | 23-04-2026,16:09:49 | 23-04-2026,15:58:52,16:09:46,658
135,69b42a6510f2a484dd65eb0f,Wikipedia_Exp_14.04,Wikipedia_Exp_20.04,Real,23-04-2026,150,11:03:40 | 23-04-2026,11:10:38 | 23-04-2026,11:02:39,11:10:28,663
136,66b3a0a9af3307d39a27028d,Wikipedia_Exp_14.04,Wikipedia_Exp_20.04,Real,23-04-2026,151,16:09:14 | 23-04-2026,16:15:48 | 23-04-2026,16:08:17,16:15:44,2754
137,5d89106d1719af0001ee23e5,Wikipedia_Exp_14.04,Wikipedia_Exp_20.04,Real,23-04-2026,152,08:05:59 | 23-04-2026,08:13:30 | 23-04-2026,08:05:17,08:13:26,654
138,69cd773c423199fc75c34e58,Wikipedia_Exp_14.04,Wikipedia_Exp_20.04,Real,23-04-2026,154,11:20:36 | 23-04-2026,11:26:48 | 23-04-2026,11:20:02,11:26:44,2832
139,67854ba4bab6fc4b80eba268,Wikipedia_Exp_14.04,Wikipedia_Exp_20.04,Real,23-04-2026,155,11:32:12 | 23-04-2026,11:45:16 | 23-04-2026,11:31:17,11:45:10,1962
140,69c675abfa5cfaa89a11ea81,Wikipedia_Exp_14.04,Wikipedia_Exp_20.04,Real,23-04-2026,156,11:38:57 | 23-04-2026,11:46:25 | 23-04-2026,11:37:00,11:46:23,654
141,668832d95a5839c9f603a3f6,Wikipedia_Exp_14.04,Wikipedia_Exp_20.04,Real,23-04-2026,158,10:40:50 | 23-04-2026,10:47:24 | 23-04-2026,10:40:05,10:47:21,1799
142,5e132349b199e49599de669e,Wikipedia_Exp_14.04,Wikipedia_Exp_20.04,Real,23-04-2026,157,16:40:26 | 23-04-2026,16:48:10 | 23-04-2026,16:38:49,16:48:01,2988
143,69c311b04ff002d9399cb3e9,Wikipedia_Exp_14.04,Wikipedia_Exp_20.04,Real,23-04-2026,159,09:42:38 | 23-04-2026,09:49:02 | 23-04-2026,09:41:32,09:48:56,3242
144,672569f544e290655c0ed766,Wikipedia_Exp_14.04,Wikipedia_Exp_20.04,Real,23-04-2026,160,11:47:02 | 23-04-2026,11:54:16 | 23-04-2026,11:45:08,11:54:09,630
145,67356f7cf6ff16fe3322a837,Wikipedia_Exp_14.04,Wikipedia_Exp_20.04,Real,23-04-2026,161,11:48:49 | 23-04-2026,11:56:50 | 23-04-2026,11:45:14,11:56:13,661
146,69e907e1a04d49cc7abb90ef,Wikipedia_Exp_14.04,Wikipedia_Exp_20.04,Real,23-04-2026,163,16:55:20 | 23-04-2026,17:01:17 | 23-04-2026,16:54:35,17:01:14,3268
147,69e78a5dc717fb078b58aa05,Wikipedia_Exp_14.04,Wikipedia_Exp_20.04,Real,23-04-2026,164,16:56:46 | 23-04-2026,17:03:22 | 23-04-2026,16:55:43,17:03:15,602
148,67301111865cf8fa81ac7897,Wikipedia_Exp_14.04,Wikipedia_Exp_20.04,Real,23-04-2026,165,11:59:07 | 23-04-2026,12:09:44 | 23-04-2026,11:53:22,12:09:28,1191
149,681485b41e4f472801db525a,Wikipedia_Exp_14.04,Wikipedia_Exp_20.04,Real,23-04-2026,166,17:14:25 | 23-04-2026,17:21:29 | 23-04-2026,17:13:41,17:21:15,641
150,5fd5ef3cb8ec2745c10454e3,Wikipedia_Exp_14.04,Wikipedia_Exp_20.04,Real,23-04-2026,167,17:15:40 | 23-04-2026,17:22:19 | 23-04-2026,17:14:53,17:22:14,1156
151,69836a0662aa425db70f19cb,Wikipedia_Exp_14.04,Wikipedia_Exp_20.04,Real,23-04-2026,168,09:16:04 | 23-04-2026,09:23:05 | 23-04-2026,09:12:50,09:23:02,813
152,6655d509b424a0f55a92f2c9,Wikipedia_Exp_14.04,Wikipedia_Exp_20.04,Real,23-04-2026,169,12:21:04 | 23-04-2026,12:31:21 | 23-04-2026,12:19:23,12:31:13,351
154,63d16bb09fbf6b74afb1a010,Wikipedia_Exp_14.04,Wikipedia_Exp_20.04,Real,23-04-2026,171,17:31:16 | 23-04-2026,17:37:32 | 23-04-2026,17:30:27,17:37:25,522
155,6764694137dd81649e2a18a1,Wikipedia_Exp_14.04,Wikipedia_Exp_20.04,Real,23-04-2026,173,17:33:00 | 23-04-2026,17:39:34 | 23-04-2026,17:31:58,17:39:32,2255
156,5f9b8ddd38b9df3b7decaa76,Wikipedia_Exp_14.04,Wikipedia_Exp_20.04,Real,23-04-2026,174,17:41:06 | 23-04-2026,17:48:10 | 23-04-2026,17:39:54,17:48:05,640
157,67042cdf06ed4052bdf44c07,Wikipedia_Exp_14.04,Wikipedia_Exp_20.04,Real,23-04-2026,175,09:42:41 | 23-04-2026,09:51:42 | 23-04-2026,09:35:24,09:51:32,615
160,699fdea4720b1003ded1e873,Wikipedia_Exp_14.04,Wikipedia_Exp_20.04,Real,24-04-2026,178,03:39:54 | 24-04-2026,03:45:59 | 24-04-2026,03:38:35,03:45:56,581
161,69d43354ef5f71ebe1d5462f,Wikipedia_Exp_14.04,Wikipedia_Exp_20.04,Real,24-04-2026,179,03:40:07 | 24-04-2026,03:46:32 | 24-04-2026,03:39:26,03:46:24,3512
162,5de572f21a7af84fc3cd0ca7,Wikipedia_Exp_14.04,Wikipedia_Exp_20.04,Real,24-04-2026,180,08:40:24 | 24-04-2026,08:46:46 | 24-04-2026,08:39:35,08:46:41,616
163,CAJ,Wikipedia_Exp_14.04,Wikipedia_Exp_20.04,Real,24-04-2026,182,08:41:45 | 24-04-2026,08:49:23 | 24-04-2026,08:40:27,08:49:20,1329
164,63ac36665e9b2bd1c2cda1ba,Wikipedia_Exp_14.04,Wikipedia_Exp_20.04,Real,24-04-2026,183,07:43:44 | 24-04-2026,07:51:19 | 24-04-2026,07:42:35,07:51:10,1977
165,69e3fcb057c5f6b0cb34a3c0,Wikipedia_Exp_14.04,Wikipedia_Exp_20.04,Real,23-04-2026,181,19:39:57 | 23-04-2026,19:50:17 | 23-04-2026,19:37:25,19:50:07,2173
166,69e8c95b3793422fb86bedbf,Wikipedia_Exp_14.04,Wikipedia_Exp_20.04,Real,24-04-2026,185,08:50:26 | 24-04-2026,08:56:45 | 24-04-2026,08:49:42,08:56:40,670
168,6156fef09d1ab07148870099,Wikipedia_Exp_14.04,Wikipedia_Exp_20.04,Real,24-04-2026,186,08:59:34 | 24-04-2026,09:05:30 | 24-04-2026,08:38:49,09:05:25,3005
169,69e702a160de29b3fa66f8fa,Wikipedia_Exp_14.04,Wikipedia_Exp_20.04,Real,24-04-2026,187,04:00:48 | 24-04-2026,04:07:23 | 24-04-2026,04:00:11,04:07:17,2378
170,69d1d4755c35755dd79076b6,Wikipedia_Exp_14.04,Wikipedia_Exp_20.04,Real,25-04-2026,188,02:53:13 | 25-04-2026,02:59:13 | 25-04-2026,02:52:29,02:59:09,3149
171,6944279b6ce0185ccdba8208,Wikipedia_Exp_14.04,Wikipedia_Exp_20.04,Real,25-04-2026,189,03:54:44 | 25-04-2026,04:02:28 | 25-04-2026,03:53:12,04:02:22,1650
172,59d3ef2c078dbe000195117f,Wikipedia_Exp_14.04,Wikipedia_Exp_20.04,Real,06-05-2026,190,11:58:22 | 06-05-2026,12:06:16 | 06-05-2026,11:56:52,12:06:10,2159
173,69de30cc03eb4e2a94108afc,Wikipedia_Exp_14.04,Wikipedia_Exp_20.04,Real,06-05-2026,192,07:00:52 | 06-05-2026,07:07:34 | 06-05-2026,07:00:07,07:07:27,3232
174,62ea8c1711b57e420d3d6805,Wikipedia_Exp_14.04,Wikipedia_Exp_20.04,Real,06-05-2026,195,12:40:01 | 06-05-2026,12:46:36 | 06-05-2026,12:38:37,12:46:32,2563
176,69cbebe55ac317a9b93f3c6a,Wikipedia_Exp_14.04,Wikipedia_Exp_20.04,Real,06-05-2026,198,05:42:28 | 06-05-2026,05:49:25 | 06-05-2026,05:41:23,05:49:19,677
177,69c0a10f3b5fc6847433093d,Wikipedia_Exp_14.04,Wikipedia_Exp_20.04,Real,06-05-2026,199,07:43:20 | 06-05-2026,07:49:44 | 06-05-2026,07:41:31,07:49:34,3694
178,69f37334906999a37f0c1a77,Wikipedia_Exp_14.04,Wikipedia_Exp_20.04,Real,06-05-2026,200,12:43:32 | 06-05-2026,12:49:51 | 06-05-2026,12:41:29,12:49:47,2639
179,698bcab4bc44f6876e9b5e92,Wikipedia_Exp_14.04,Wikipedia_Exp_20.04,Real,06-05-2026,201,04:45:54 | 06-05-2026,04:52:11 | 06-05-2026,04:44:59,04:52:07,2947
181,69f61acabec43a9d52693ef7,Wikipedia_Exp_14.04,Wikipedia_Exp_20.04,Real,06-05-2026,205,12:48:31 | 06-05-2026,12:54:33 | 06-05-2026,12:45:10,12:54:30,3567
183,67665f7b0329bd3e30515ad2,Wikipedia_Exp_14.04,Wikipedia_Exp_20.04,Real,06-05-2026,202,12:46:54 | 06-05-2026,12:54:42 | 06-05-2026,12:46:13,12:54:35,619
184,69ea26a96116673ced57f3f0,Wikipedia_Exp_14.04,Wikipedia_Exp_20.04,Real,06-05-2026,206,12:48:54 | 06-05-2026,12:55:11 | 06-05-2026,12:47:52,12:55:07,2751
185,60f5d1dfd8ff71196982160b,Wikipedia_Exp_14.04,Wikipedia_Exp_20.04,Real,06-05-2026,207,12:49:47 | 06-05-2026,12:57:13 | 06-05-2026,12:48:12,12:57:06,3105
186,656f33480de6bb2a3b74fd40,Wikipedia_Exp_14.04,Wikipedia_Exp_20.04,Real,06-05-2026,209,07:52:34 | 06-05-2026,07:59:22 | 06-05-2026,07:50:23,07:59:17,1920
187,69b184dbb93ac525eedb7cf6,Wikipedia_Exp_14.04,Wikipedia_Exp_20.04,Real,06-05-2026,208,07:51:49 | 06-05-2026,08:00:10 | 06-05-2026,07:50:35,08:00:04,1673
188,67c869872204b85d6c4c0749,Wikipedia_Exp_14.04,Wikipedia_Exp_20.04,Real,06-05-2026,211,06:53:54 | 06-05-2026,07:00:20 | 06-05-2026,06:53:21,07:00:16,643
189,69d5baf91b5a6b4c16645bb7,Wikipedia_Exp_14.04,Wikipedia_Exp_20.04,Real,06-05-2026,212,07:54:30 | 06-05-2026,08:00:37 | 06-05-2026,07:54:02,08:00:34,512
190,69f9ce1076645e27d71ccc9f,Wikipedia_Exp_14.04,Wikipedia_Exp_20.04,Real,06-05-2026,213,12:56:54 | 06-05-2026,13:03:41 | 06-05-2026,12:55:51,13:03:33,1853
191,5fe672b9c3fd05cad8c51937,Wikipedia_Exp_14.04,Wikipedia_Exp_20.04,Real,06-05-2026,210,04:53:34 | 06-05-2026,05:04:51 | 06-05-2026,04:45:03,05:04:40,915
192,69fa081ed6e8dbe40e9f7791,Wikipedia_Exp_14.04,Wikipedia_Exp_20.04,Real,06-05-2026,214,13:00:43 | 06-05-2026,13:08:43 | 06-05-2026,12:59:18,13:08:37,1441
193,55b8d0bffdf99b0f2859fe73,Wikipedia_Exp_14.04,Wikipedia_Exp_20.04,Real,06-05-2026,215,08:02:48 | 06-05-2026,08:08:58 | 06-05-2026,07:47:50,08:08:52,2337
194,69e7ebff3900e7051bb24ae1,Wikipedia_Exp_14.04,Wikipedia_Exp_20.04,Real,06-05-2026,217,13:09:06 | 06-05-2026,13:15:10 | 06-05-2026,13:07:41,13:15:03,3045
195,607f0b70818fde7990b3992d,Wikipedia_Exp_14.04,Wikipedia_Exp_20.04,Real,06-05-2026,218,08:10:45 | 06-05-2026,08:17:09 | 06-05-2026,08:09:53,08:17:03,459
196,5b2a2d855b5c0900018b0bf5,Wikipedia_Exp_14.04,Wikipedia_Exp_20.04,Real,06-05-2026,219,13:13:21 | 06-05-2026,13:20:58 | 06-05-2026,13:12:13,13:20:52,3875
197,69f2fad6cada39ba351bdbe8,Wikipedia_Exp_14.04,Wikipedia_Exp_20.04,Real,06-05-2026,220,05:17:00 | 06-05-2026,05:23:10 | 06-05-2026,05:15:42,05:23:04,659
198,665b2efc3042735b842a170c,Wikipedia_Exp_14.04,Wikipedia_Exp_20.04,Real,06-05-2026,221,13:19:26 | 06-05-2026,13:26:04 | 06-05-2026,13:17:46,13:26:00,2306
199,69d553fbc43e8f89103012ec,Wikipedia_Exp_14.04,Wikipedia_Exp_20.04,Real,06-05-2026,222,05:20:34 | 06-05-2026,05:26:48 | 06-05-2026,05:20:06,05:26:44,2692
200,69f38d3a5d1042981ba878c1,Wikipedia_Exp_14.04,Wikipedia_Exp_20.04,Real,06-05-2026,223,08:22:40 | 06-05-2026,08:29:35 | 06-05-2026,08:21:32,08:29:26,589
201,69f9e2933749c861aa231f64,Wikipedia_Exp_14.04,Wikipedia_Exp_20.04,Real,06-05-2026,224,13:25:06 | 06-05-2026,13:31:13 | 06-05-2026,13:24:16,13:31:10,642
202,5a8185b8aa46dd00016b80d6,Wikipedia_Exp_14.04,Wikipedia_Exp_20.04,Real,06-05-2026,225,13:25:36 | 06-05-2026,13:32:47 | 06-05-2026,13:23:57,13:32:39,1241
203,6997605bad728beebddd763c,Wikipedia_Exp_14.04,Wikipedia_Exp_20.04,Real,06-05-2026,227,08:29:19 | 06-05-2026,08:36:39 | 06-05-2026,08:28:04,08:36:29,651
205,69f9151deac87fe85bb157db,Wikipedia_Exp_14.04,Wikipedia_Exp_20.04,Real,06-05-2026,230,13:32:00 | 06-05-2026,13:38:52 | 06-05-2026,13:30:29,13:38:36,684
206,678e8de7a59ec5bdb0ed9add,Wikipedia_Exp_14.04,Wikipedia_Exp_20.04,Real,06-05-2026,231,13:33:20 | 06-05-2026,13:39:51 | 06-05-2026,13:32:33,13:39:36,674
207,62b437a2dbff0b6b3d0121e4,Wikipedia_Exp_14.04,Wikipedia_Exp_20.04,Real,06-05-2026,233,13:34:29 | 06-05-2026,13:40:50 | 06-05-2026,13:33:52,13:40:47,2561
208,69e631a6f3302bd030bbffc7,Wikipedia_Exp_14.04,Wikipedia_Exp_20.04,Real,06-05-2026,232,07:33:12 | 06-05-2026,07:42:28 | 06-05-2026,07:30:54,07:42:17,582
209,69d5271e859ef91ce4b3147b,Wikipedia_Exp_14.04,Wikipedia_Exp_20.04,Real,06-05-2026,235,05:40:45 | 06-05-2026,05:49:27 | 06-05-2026,05:32:35,05:49:14,623
210,61335a3f7c7026ee86052445,Wikipedia_Exp_14.04,Wikipedia_Exp_20.04,Real,06-05-2026,237,13:49:19 | 06-05-2026,13:56:03 | 06-05-2026,13:47:11,13:55:38,728
211,69136e4b3e34fdf17247b0b3,Wikipedia_Exp_14.04,Wikipedia_Exp_20.04,Real,06-05-2026,236,08:49:18 | 06-05-2026,08:57:59 | 06-05-2026,08:48:23,08:57:54,2808
212,67bacfb90b624127a2d26627,Wikipedia_Exp_14.04,Wikipedia_Exp_20.04,Real,06-05-2026,228,13:29:19 | 06-05-2026,14:03:23 | 06-05-2026,13:26:08,14:03:01,638
213,5b14161e30d562000155e871,Wikipedia_Exp_14.04,Wikipedia_Exp_20.04,Real,06-05-2026,239,14:24:26 | 06-05-2026,14:31:36 | 06-05-2026,14:23:48,14:31:31,2464
